consumption_id,date,dish_name,actual_servings,leftover_quantity
1,2025-07-06,Jeera Rice,144,29
2,2025-07-06,Chole Bhature,130,23
3,2025-07-06,Aloo Paratha,157,19
4,2025-06-18,Aloo Paratha,138,-3
5,2025-06-18,Rajma Chawal,110,23
6,2025-06-18,Jeera Rice,183,7
7,2025-07-10,Paneer Butter Masala,166,-3
8,2025-07-10,Boiled Veggies,110,7
9,2025-07-10,Jeera Rice,103,6
10,2025-06-01,Boiled Veggies,88,15
11,2025-06-01,Chole Bhature,178,-7
12,2025-06-01,Rajma Chawal,91,28
13,2025-06-05,Chole Bhature,190,-7
14,2025-06-05,Sambhar,108,12
15,2025-06-05,Veg Biryani,120,19
16,2025-06-06,Aloo Paratha,128,16
17,2025-06-06,Boiled Veggies,153,16
18,2025-06-06,Veg Biryani,114,24
19,2025-07-02,Boiled Veggies,124,2
20,2025-07-02,Paneer Butter Masala,158,23
21,2025-07-02,Sambhar,163,-9
22,2025-06-09,Jeera Rice,149,0
23,2025-06-09,Chole Bhature,139,11
24,2025-06-09,Aloo Paratha,159,-6
25,2025-07-07,Aloo Paratha,119,9
26,2025-07-07,Paneer Butter Masala,141,9
27,2025-07-07,Sambhar,152,23
28,2025-07-10,Aloo Paratha,175,-4
29,2025-07-10,Veg Biryani,188,11
30,2025-07-10,Jeera Rice,136,1
31,2025-06-20,Paneer Butter Masala,115,14
32,2025-06-20,Chole Bhature,151,-8
33,2025-06-20,Rajma Chawal,167,12
34,2025-06-20,Jeera Rice,95,18
35,2025-06-20,Paneer Butter Masala,155,20
36,2025-06-20,Aloo Paratha,85,27
37,2025-06-04,Jeera Rice,135,27
38,2025-06-04,Boiled Veggies,174,13
39,2025-06-04,Rajma Chawal,101,12
40,2025-07-05,Paneer Butter Masala,98,27
41,2025-07-05,Jeera Rice,113,-7
42,2025-07-05,Rajma Chawal,130,15
43,2025-06-26,Sambhar,109,30
44,2025-06-26,Chole Bhature,160,24
45,2025-06-26,Aloo Paratha,152,-5
46,2025-07-09,Chole Bhature,129,-9
47,2025-07-09,Rajma Chawal,172,13
48,2025-07-09,Jeera Rice,81,23
49,2025-07-09,Jeera Rice,170,1
50,2025-07-09,Sambhar,159,0
51,2025-07-09,Aloo Paratha,177,-9
52,2025-06-04,Rajma Chawal,158,19
53,2025-06-04,Sambhar,176,-1
54,2025-06-04,Jeera Rice,115,23
55,2025-06-06,Paneer Butter Masala,175,16
56,2025-06-06,Boiled Veggies,159,13
57,2025-06-06,Jeera Rice,180,-10
58,2025-06-02,Veg Biryani,180,14
59,2025-06-02,Rajma Chawal,140,14
60,2025-06-02,Boiled Veggies,96,27
61,2025-06-19,Jeera Rice,145,28
62,2025-06-19,Sambhar,166,7
63,2025-06-19,Rajma Chawal,110,-4
64,2025-06-18,Veg Biryani,180,-5
65,2025-06-18,Chole Bhature,73,27
66,2025-06-18,Boiled Veggies,136,7
67,2025-06-21,Paneer Butter Masala,140,0
68,2025-06-21,Chole Bhature,78,25
69,2025-06-21,Sambhar,135,25
70,2025-07-05,Boiled Veggies,165,28
71,2025-07-05,Sambhar,155,19
72,2025-07-05,Chole Bhature,102,4
73,2025-06-20,Sambhar,128,22
74,2025-06-20,Rajma Chawal,145,4
75,2025-06-20,Aloo Paratha,73,28
76,2025-06-12,Veg Biryani,87,15
77,2025-06-12,Sambhar,83,19
78,2025-06-12,Paneer Butter Masala,156,5
79,2025-07-14,Boiled Veggies,134,6
80,2025-07-14,Aloo Paratha,184,6
81,2025-07-14,Sambhar,171,8
82,2025-06-09,Paneer Butter Masala,116,20
83,2025-06-09,Sambhar,181,3
84,2025-06-09,Veg Biryani,175,0
85,2025-06-09,Veg Biryani,133,3
86,2025-06-09,Boiled Veggies,77,24
87,2025-06-09,Chole Bhature,125,-3
88,2025-07-08,Jeera Rice,170,20
89,2025-07-08,Sambhar,95,12
90,2025-07-08,Boiled Veggies,96,26
91,2025-06-30,Chole Bhature,126,26
92,2025-06-30,Boiled Veggies,160,-2
93,2025-06-30,Rajma Chawal,155,-7
94,2025-06-02,Chole Bhature,125,-2
95,2025-06-02,Paneer Butter Masala,107,19
96,2025-06-02,Rajma Chawal,109,-4
97,2025-07-11,Chole Bhature,148,-4
98,2025-07-11,Paneer Butter Masala,137,23
99,2025-07-11,Rajma Chawal,151,27
100,2025-06-05,Rajma Chawal,128,-2
101,2025-06-05,Paneer Butter Masala,97,26
102,2025-06-05,Sambhar,108,29
103,2025-06-02,Veg Biryani,144,29
104,2025-06-02,Sambhar,124,17
105,2025-06-02,Rajma Chawal,175,16
106,2025-06-08,Rajma Chawal,180,11
107,2025-06-08,Sambhar,166,11
108,2025-06-08,Chole Bhature,176,-6
109,2025-07-14,Sambhar,113,22
110,2025-07-14,Chole Bhature,135,-4
111,2025-07-14,Veg Biryani,166,29
112,2025-07-01,Boiled Veggies,179,4
113,2025-07-01,Veg Biryani,122,27
114,2025-07-01,Sambhar,134,-10
115,2025-07-08,Aloo Paratha,184,-2
116,2025-07-08,Veg Biryani,71,30
117,2025-07-08,Paneer Butter Masala,154,-3
118,2025-06-28,Jeera Rice,111,9
119,2025-06-28,Paneer Butter Masala,150,1
120,2025-06-28,Boiled Veggies,191,-3
121,2025-07-13,Veg Biryani,154,1
122,2025-07-13,Paneer Butter Masala,134,6
123,2025-07-13,Sambhar,159,29
124,2025-06-23,Sambhar,163,-2
125,2025-06-23,Rajma Chawal,95,22
126,2025-06-23,Chole Bhature,102,29
127,2025-06-16,Boiled Veggies,162,5
128,2025-06-16,Rajma Chawal,122,1
129,2025-06-16,Jeera Rice,138,-8
130,2025-06-29,Veg Biryani,74,26
131,2025-06-29,Paneer Butter Masala,137,3
132,2025-06-29,Jeera Rice,195,-9
133,2025-06-17,Chole Bhature,105,26
134,2025-06-17,Paneer Butter Masala,112,13
135,2025-06-17,Jeera Rice,96,19
136,2025-06-09,Jeera Rice,180,13
137,2025-06-09,Aloo Paratha,130,-8
138,2025-06-09,Chole Bhature,100,14
139,2025-06-18,Veg Biryani,147,17
140,2025-06-18,Jeera Rice,114,-8
141,2025-06-18,Boiled Veggies,91,13
142,2025-07-06,Chole Bhature,136,-4
143,2025-07-06,Sambhar,140,-9
144,2025-07-06,Jeera Rice,143,-5
145,2025-06-14,Sambhar,195,-1
146,2025-06-14,Aloo Paratha,143,29
147,2025-06-14,Jeera Rice,159,8
148,2025-06-12,Chole Bhature,101,14
149,2025-06-12,Veg Biryani,206,-7
150,2025-06-12,Paneer Butter Masala,113,-9
151,2025-06-11,Veg Biryani,110,8
152,2025-06-11,Rajma Chawal,99,26
153,2025-06-11,Chole Bhature,171,12
154,2025-06-03,Jeera Rice,138,-2
155,2025-06-03,Rajma Chawal,103,-2
156,2025-06-03,Veg Biryani,151,20
157,2025-07-10,Chole Bhature,153,22
158,2025-07-10,Veg Biryani,152,30
159,2025-07-10,Sambhar,139,14
160,2025-06-17,Jeera Rice,141,-2
161,2025-06-17,Aloo Paratha,176,13
162,2025-06-17,Chole Bhature,91,30
163,2025-06-24,Veg Biryani,127,-3
164,2025-06-24,Boiled Veggies,179,-6
165,2025-06-24,Rajma Chawal,109,-5
166,2025-06-30,Jeera Rice,179,18
167,2025-06-30,Veg Biryani,93,16
168,2025-06-30,Chole Bhature,155,25
169,2025-06-22,Sambhar,131,4
170,2025-06-22,Veg Biryani,86,26
171,2025-06-22,Paneer Butter Masala,151,12
172,2025-06-23,Chole Bhature,100,9
173,2025-06-23,Paneer Butter Masala,92,17
174,2025-06-23,Aloo Paratha,168,3
175,2025-07-07,Aloo Paratha,167,25
176,2025-07-07,Boiled Veggies,136,1
177,2025-07-07,Rajma Chawal,177,2
178,2025-07-08,Sambhar,187,5
179,2025-07-08,Rajma Chawal,176,11
180,2025-07-08,Boiled Veggies,184,-9
181,2025-07-14,Aloo Paratha,124,9
182,2025-07-14,Boiled Veggies,185,13
183,2025-07-14,Chole Bhature,116,-7
184,2025-06-16,Jeera Rice,105,-5
185,2025-06-16,Rajma Chawal,125,5
186,2025-06-16,Sambhar,185,-9
187,2025-07-11,Boiled Veggies,191,-10
188,2025-07-11,Sambhar,165,29
189,2025-07-11,Paneer Butter Masala,147,-4
190,2025-07-03,Aloo Paratha,174,10
191,2025-07-03,Rajma Chawal,127,2
192,2025-07-03,Sambhar,142,16
193,2025-06-17,Jeera Rice,146,-1
194,2025-06-17,Aloo Paratha,119,-2
195,2025-06-17,Chole Bhature,107,13
196,2025-07-11,Aloo Paratha,192,2
197,2025-07-11,Chole Bhature,136,11
198,2025-07-11,Veg Biryani,118,18
199,2025-07-09,Sambhar,189,-6
200,2025-07-09,Paneer Butter Masala,179,-7
201,2025-07-09,Boiled Veggies,128,19
202,2025-06-02,Sambhar,110,-9
203,2025-06-02,Jeera Rice,141,0
204,2025-06-02,Chole Bhature,103,29
205,2025-07-03,Rajma Chawal,130,22
206,2025-07-03,Paneer Butter Masala,126,11
207,2025-07-03,Jeera Rice,146,26
208,2025-07-06,Jeera Rice,198,-7
209,2025-07-06,Veg Biryani,129,-6
210,2025-07-06,Paneer Butter Masala,155,-9
211,2025-06-08,Veg Biryani,173,13
212,2025-06-08,Sambhar,108,28
213,2025-06-08,Aloo Paratha,115,24
214,2025-07-04,Rajma Chawal,96,12
215,2025-07-04,Boiled Veggies,164,-10
216,2025-07-04,Veg Biryani,128,12
217,2025-06-21,Veg Biryani,99,14
218,2025-06-21,Boiled Veggies,145,15
219,2025-06-21,Chole Bhature,169,12
220,2025-07-09,Aloo Paratha,140,4
221,2025-07-09,Boiled Veggies,150,-7
222,2025-07-09,Jeera Rice,103,7
223,2025-07-08,Chole Bhature,107,20
224,2025-07-08,Rajma Chawal,205,-6
225,2025-07-08,Veg Biryani,81,21
226,2025-07-10,Jeera Rice,172,-5
227,2025-07-10,Aloo Paratha,163,4
228,2025-07-10,Sambhar,115,13
229,2025-06-27,Jeera Rice,105,12
230,2025-06-27,Aloo Paratha,99,15
231,2025-06-27,Boiled Veggies,110,-8
232,2025-07-05,Sambhar,119,15
233,2025-07-05,Rajma Chawal,187,2
234,2025-07-05,Veg Biryani,136,5
235,2025-06-08,Boiled Veggies,147,21
236,2025-06-08,Jeera Rice,92,25
237,2025-06-08,Paneer Butter Masala,84,27
238,2025-06-30,Paneer Butter Masala,131,9
239,2025-06-30,Chole Bhature,134,26
240,2025-06-30,Jeera Rice,182,15
241,2025-06-12,Veg Biryani,115,0
242,2025-06-12,Sambhar,183,1
243,2025-06-12,Paneer Butter Masala,135,28
244,2025-06-18,Paneer Butter Masala,161,14
245,2025-06-18,Rajma Chawal,160,22
246,2025-06-18,Sambhar,86,20
247,2025-06-26,Boiled Veggies,163,6
248,2025-06-26,Jeera Rice,148,3
249,2025-06-26,Chole Bhature,88,23
250,2025-07-11,Sambhar,82,23
251,2025-07-11,Chole Bhature,145,-1
252,2025-07-11,Jeera Rice,200,-2
253,2025-06-12,Chole Bhature,169,13
254,2025-06-12,Paneer Butter Masala,122,3
255,2025-06-12,Aloo Paratha,181,3
256,2025-06-16,Boiled Veggies,173,-9
257,2025-06-16,Paneer Butter Masala,131,14
258,2025-06-16,Sambhar,165,-5
259,2025-07-08,Chole Bhature,170,16
260,2025-07-08,Boiled Veggies,96,18
261,2025-07-08,Veg Biryani,180,-8
262,2025-07-12,Sambhar,135,-10
263,2025-07-12,Veg Biryani,178,13
264,2025-07-12,Jeera Rice,147,14
265,2025-07-13,Paneer Butter Masala,115,-2
266,2025-07-13,Veg Biryani,97,10
267,2025-07-13,Aloo Paratha,111,7
268,2025-06-01,Jeera Rice,133,14
269,2025-06-01,Sambhar,146,-1
270,2025-06-01,Rajma Chawal,132,22
271,2025-07-11,Veg Biryani,121,27
272,2025-07-11,Sambhar,120,18
273,2025-07-11,Chole Bhature,138,13
274,2025-06-10,Sambhar,142,0
275,2025-06-10,Rajma Chawal,118,15
276,2025-06-10,Aloo Paratha,86,14
277,2025-06-16,Boiled Veggies,199,-3
278,2025-06-16,Sambhar,192,-3
279,2025-06-16,Chole Bhature,91,26
280,2025-06-10,Rajma Chawal,142,11
281,2025-06-10,Veg Biryani,97,22
282,2025-06-10,Jeera Rice,110,-9
283,2025-07-01,Boiled Veggies,157,4
284,2025-07-01,Paneer Butter Masala,192,7
285,2025-07-01,Rajma Chawal,107,-5
286,2025-07-07,Sambhar,187,-3
287,2025-07-07,Jeera Rice,152,16
288,2025-07-07,Veg Biryani,124,7
289,2025-06-30,Paneer Butter Masala,164,20
290,2025-06-30,Sambhar,96,5
291,2025-06-30,Aloo Paratha,112,16
292,2025-06-30,Aloo Paratha,141,-8
293,2025-06-30,Sambhar,101,17
294,2025-06-30,Rajma Chawal,172,4
295,2025-07-05,Jeera Rice,191,-7
296,2025-07-05,Veg Biryani,170,10
297,2025-07-05,Sambhar,132,17
298,2025-06-09,Sambhar,138,23
299,2025-06-09,Chole Bhature,186,3
300,2025-06-09,Paneer Butter Masala,146,2
301,2025-07-11,Paneer Butter Masala,177,18
302,2025-07-11,Veg Biryani,92,14
303,2025-07-11,Boiled Veggies,124,6
304,2025-07-05,Rajma Chawal,144,4
305,2025-07-05,Paneer Butter Masala,83,17
306,2025-07-05,Chole Bhature,198,-10
307,2025-07-08,Jeera Rice,86,23
308,2025-07-08,Rajma Chawal,111,21
309,2025-07-08,Paneer Butter Masala,188,-10
310,2025-07-13,Jeera Rice,84,27
311,2025-07-13,Sambhar,134,13
312,2025-07-13,Boiled Veggies,205,-8
313,2025-06-25,Chole Bhature,147,17
314,2025-06-25,Rajma Chawal,76,25
315,2025-06-25,Paneer Butter Masala,188,8
316,2025-06-16,Veg Biryani,148,-9
317,2025-06-16,Jeera Rice,152,25
318,2025-06-16,Sambhar,128,-6
319,2025-06-30,Sambhar,107,26
320,2025-06-30,Chole Bhature,161,-1
321,2025-06-30,Rajma Chawal,97,22
322,2025-06-03,Chole Bhature,141,16
323,2025-06-03,Jeera Rice,108,-2
324,2025-06-03,Boiled Veggies,116,4
325,2025-06-17,Sambhar,123,6
326,2025-06-17,Boiled Veggies,186,0
327,2025-06-17,Chole Bhature,166,13
328,2025-06-01,Sambhar,141,26
329,2025-06-01,Paneer Butter Masala,123,28
330,2025-06-01,Rajma Chawal,152,23
331,2025-06-18,Rajma Chawal,112,29
332,2025-06-18,Veg Biryani,161,28
333,2025-06-18,Aloo Paratha,160,28
334,2025-07-07,Paneer Butter Masala,150,30
335,2025-07-07,Rajma Chawal,150,8
336,2025-07-07,Aloo Paratha,89,18
337,2025-07-04,Veg Biryani,192,-7
338,2025-07-04,Paneer Butter Masala,154,20
339,2025-07-04,Chole Bhature,85,25
340,2025-07-12,Aloo Paratha,146,-7
341,2025-07-12,Boiled Veggies,128,17
342,2025-07-12,Sambhar,79,30
343,2025-06-28,Jeera Rice,164,2
344,2025-06-28,Boiled Veggies,148,22
345,2025-06-28,Sambhar,168,29
346,2025-06-01,Jeera Rice,128,25
347,2025-06-01,Chole Bhature,183,0
348,2025-06-01,Aloo Paratha,154,3
349,2025-06-18,Veg Biryani,151,16
350,2025-06-18,Paneer Butter Masala,177,21
351,2025-06-18,Rajma Chawal,170,25
352,2025-07-03,Veg Biryani,96,30
353,2025-07-03,Jeera Rice,77,28
354,2025-07-03,Sambhar,107,10
355,2025-06-06,Veg Biryani,190,5
356,2025-06-06,Boiled Veggies,92,27
357,2025-06-06,Paneer Butter Masala,136,1
358,2025-07-13,Boiled Veggies,163,21
359,2025-07-13,Aloo Paratha,92,23
360,2025-07-13,Jeera Rice,185,-7
361,2025-07-11,Rajma Chawal,92,16
362,2025-07-11,Paneer Butter Masala,123,1
363,2025-07-11,Veg Biryani,137,3
364,2025-06-25,Aloo Paratha,166,4
365,2025-06-25,Rajma Chawal,98,12
366,2025-06-25,Sambhar,113,5
367,2025-07-04,Chole Bhature,118,24
368,2025-07-04,Aloo Paratha,174,11
369,2025-07-04,Boiled Veggies,193,4
370,2025-06-26,Sambhar,85,26
371,2025-06-26,Chole Bhature,95,8
372,2025-06-26,Paneer Butter Masala,149,-1
373,2025-06-06,Rajma Chawal,147,18
374,2025-06-06,Boiled Veggies,103,20
375,2025-06-06,Aloo Paratha,109,3
376,2025-06-10,Aloo Paratha,162,9
377,2025-06-10,Jeera Rice,128,24
378,2025-06-10,Boiled Veggies,92,13
379,2025-06-27,Veg Biryani,140,0
380,2025-06-27,Aloo Paratha,123,1
381,2025-06-27,Sambhar,87,16
382,2025-06-05,Chole Bhature,179,16
383,2025-06-05,Sambhar,155,4
384,2025-06-05,Rajma Chawal,116,25
385,2025-06-04,Jeera Rice,124,29
386,2025-06-04,Rajma Chawal,107,9
387,2025-06-04,Aloo Paratha,95,7
388,2025-06-17,Paneer Butter Masala,116,25
389,2025-06-17,Aloo Paratha,91,11
390,2025-06-17,Jeera Rice,96,29
391,2025-07-03,Jeera Rice,128,16
392,2025-07-03,Aloo Paratha,169,27
393,2025-07-03,Veg Biryani,145,17
394,2025-06-07,Chole Bhature,140,-1
395,2025-06-07,Sambhar,167,29
396,2025-06-07,Aloo Paratha,157,26
397,2025-07-08,Chole Bhature,105,14
398,2025-07-08,Boiled Veggies,112,-2
399,2025-07-08,Paneer Butter Masala,159,27
400,2025-06-11,Sambhar,153,-8
401,2025-06-11,Veg Biryani,164,0
402,2025-06-11,Jeera Rice,161,8
403,2025-07-09,Sambhar,102,18
404,2025-07-09,Jeera Rice,148,19
405,2025-07-09,Chole Bhature,124,20
406,2025-06-26,Rajma Chawal,80,20
407,2025-06-26,Chole Bhature,168,15
408,2025-06-26,Paneer Butter Masala,172,-5
409,2025-06-02,Rajma Chawal,162,17
410,2025-06-02,Sambhar,112,14
411,2025-06-02,Jeera Rice,142,25
412,2025-06-09,Rajma Chawal,120,27
413,2025-06-09,Jeera Rice,126,27
414,2025-06-09,Aloo Paratha,145,11
415,2025-06-20,Sambhar,140,19
416,2025-06-20,Rajma Chawal,151,18
417,2025-06-20,Boiled Veggies,145,12
418,2025-06-12,Sambhar,132,11
419,2025-06-12,Jeera Rice,130,1
420,2025-06-12,Boiled Veggies,201,-8
421,2025-07-05,Veg Biryani,143,14
422,2025-07-05,Jeera Rice,184,14
423,2025-07-05,Boiled Veggies,106,20
424,2025-06-12,Aloo Paratha,111,-4
425,2025-06-12,Veg Biryani,97,16
426,2025-06-12,Rajma Chawal,102,2
427,2025-06-08,Aloo Paratha,192,2
428,2025-06-08,Sambhar,190,-9
429,2025-06-08,Boiled Veggies,182,-9
430,2025-07-11,Veg Biryani,157,26
431,2025-07-11,Sambhar,176,6
432,2025-07-11,Chole Bhature,159,-4
433,2025-07-14,Aloo Paratha,165,29
434,2025-07-14,Paneer Butter Masala,164,5
435,2025-07-14,Sambhar,96,25
436,2025-06-22,Chole Bhature,100,22
437,2025-06-22,Rajma Chawal,133,3
438,2025-06-22,Aloo Paratha,146,19
439,2025-06-27,Sambhar,116,5
440,2025-06-27,Chole Bhature,146,12
441,2025-06-27,Boiled Veggies,169,30
442,2025-07-04,Aloo Paratha,156,10
443,2025-07-04,Paneer Butter Masala,91,10
444,2025-07-04,Jeera Rice,133,1
445,2025-06-19,Rajma Chawal,170,4
446,2025-06-19,Sambhar,112,16
447,2025-06-19,Chole Bhature,153,20
448,2025-06-09,Boiled Veggies,92,21
449,2025-06-09,Sambhar,160,7
450,2025-06-09,Chole Bhature,180,-2
451,2025-06-08,Jeera Rice,146,21
452,2025-06-08,Veg Biryani,147,21
453,2025-06-08,Chole Bhature,184,15
454,2025-07-02,Jeera Rice,127,13
455,2025-07-02,Veg Biryani,121,5
456,2025-07-02,Paneer Butter Masala,156,1
457,2025-06-11,Rajma Chawal,121,-3
458,2025-06-11,Aloo Paratha,126,12
459,2025-06-11,Boiled Veggies,161,20
460,2025-06-24,Jeera Rice,164,29
461,2025-06-24,Aloo Paratha,125,8
462,2025-06-24,Rajma Chawal,145,6
463,2025-06-28,Sambhar,179,5
464,2025-06-28,Chole Bhature,163,30
465,2025-06-28,Boiled Veggies,130,23
466,2025-06-27,Sambhar,125,15
467,2025-06-27,Paneer Butter Masala,180,4
468,2025-06-27,Boiled Veggies,131,23
469,2025-07-07,Chole Bhature,113,11
470,2025-07-07,Aloo Paratha,120,25
471,2025-07-07,Boiled Veggies,172,7
472,2025-06-15,Boiled Veggies,147,-1
473,2025-06-15,Paneer Butter Masala,102,27
474,2025-06-15,Chole Bhature,132,2
475,2025-06-12,Veg Biryani,134,-1
476,2025-06-12,Paneer Butter Masala,145,-5
477,2025-06-12,Aloo Paratha,120,10
478,2025-06-27,Rajma Chawal,145,17
479,2025-06-27,Sambhar,160,-7
480,2025-06-27,Chole Bhature,176,15
481,2025-06-09,Rajma Chawal,129,-2
482,2025-06-09,Chole Bhature,147,13
483,2025-06-09,Aloo Paratha,192,-8
484,2025-06-28,Rajma Chawal,167,7
485,2025-06-28,Boiled Veggies,179,14
486,2025-06-28,Veg Biryani,141,12
487,2025-06-12,Sambhar,180,1
488,2025-06-12,Veg Biryani,158,11
489,2025-06-12,Jeera Rice,117,-1
490,2025-06-04,Sambhar,170,23
491,2025-06-04,Paneer Butter Masala,104,21
492,2025-06-04,Jeera Rice,79,29
493,2025-06-15,Sambhar,156,13
494,2025-06-15,Paneer Butter Masala,184,6
495,2025-06-15,Boiled Veggies,162,16
496,2025-06-19,Veg Biryani,149,19
497,2025-06-19,Sambhar,101,-1
498,2025-06-19,Jeera Rice,143,20
499,2025-06-15,Chole Bhature,151,-6
500,2025-06-15,Sambhar,156,25
501,2025-06-15,Rajma Chawal,199,-8
502,2025-06-07,Aloo Paratha,179,-7
503,2025-06-07,Paneer Butter Masala,131,-2
504,2025-06-07,Rajma Chawal,76,26
505,2025-06-17,Chole Bhature,152,-8
506,2025-06-17,Sambhar,118,26
507,2025-06-17,Rajma Chawal,93,16
508,2025-06-14,Sambhar,129,-7
509,2025-06-14,Chole Bhature,158,20
510,2025-06-14,Boiled Veggies,114,6
511,2025-06-29,Rajma Chawal,194,5
512,2025-06-29,Veg Biryani,169,22
513,2025-06-29,Boiled Veggies,161,4
514,2025-06-04,Chole Bhature,112,-5
515,2025-06-04,Aloo Paratha,148,0
516,2025-06-04,Paneer Butter Masala,153,7
517,2025-07-12,Sambhar,179,13
518,2025-07-12,Chole Bhature,127,10
519,2025-07-12,Veg Biryani,155,6
520,2025-07-07,Jeera Rice,156,11
521,2025-07-07,Sambhar,184,0
522,2025-07-07,Chole Bhature,119,14
523,2025-06-07,Rajma Chawal,181,-5
524,2025-06-07,Sambhar,111,10
525,2025-06-07,Paneer Butter Masala,170,14
526,2025-06-29,Aloo Paratha,79,22
527,2025-06-29,Veg Biryani,106,23
528,2025-06-29,Paneer Butter Masala,122,11
529,2025-06-18,Sambhar,146,25
530,2025-06-18,Aloo Paratha,170,23
531,2025-06-18,Jeera Rice,118,-10
532,2025-07-02,Sambhar,187,-7
533,2025-07-02,Rajma Chawal,104,22
534,2025-07-02,Paneer Butter Masala,97,30
535,2025-06-22,Aloo Paratha,100,15
536,2025-06-22,Veg Biryani,116,29
537,2025-06-22,Jeera Rice,194,4
538,2025-07-07,Boiled Veggies,136,8
539,2025-07-07,Aloo Paratha,112,11
540,2025-07-07,Sambhar,139,-2
541,2025-06-26,Paneer Butter Masala,108,17
542,2025-06-26,Jeera Rice,167,10
543,2025-06-26,Rajma Chawal,163,-3
544,2025-06-16,Chole Bhature,178,5
545,2025-06-16,Rajma Chawal,99,11
546,2025-06-16,Paneer Butter Masala,129,-7
547,2025-06-16,Sambhar,124,-3
548,2025-06-16,Rajma Chawal,197,0
549,2025-06-16,Aloo Paratha,175,-4
550,2025-06-15,Sambhar,86,16
551,2025-06-15,Veg Biryani,167,13
552,2025-06-15,Jeera Rice,165,23
553,2025-06-19,Aloo Paratha,140,22
554,2025-06-19,Jeera Rice,157,-9
555,2025-06-19,Rajma Chawal,88,14
556,2025-06-06,Veg Biryani,110,1
557,2025-06-06,Boiled Veggies,184,13
558,2025-06-06,Jeera Rice,120,19
559,2025-06-21,Rajma Chawal,111,27
560,2025-06-21,Veg Biryani,152,11
561,2025-06-21,Aloo Paratha,172,-7
562,2025-06-21,Boiled Veggies,134,10
563,2025-06-21,Paneer Butter Masala,110,0
564,2025-06-21,Aloo Paratha,158,-7
565,2025-06-05,Rajma Chawal,166,-8
566,2025-06-05,Chole Bhature,107,0
567,2025-06-05,Sambhar,116,12
568,2025-06-10,Chole Bhature,135,6
569,2025-06-10,Paneer Butter Masala,146,19
570,2025-06-10,Jeera Rice,113,25
571,2025-06-19,Chole Bhature,163,17
572,2025-06-19,Rajma Chawal,103,7
573,2025-06-19,Sambhar,181,-10
574,2025-06-07,Rajma Chawal,125,22
575,2025-06-07,Boiled Veggies,172,4
576,2025-06-07,Jeera Rice,143,-8
577,2025-06-22,Sambhar,168,30
578,2025-06-22,Rajma Chawal,130,-9
579,2025-06-22,Jeera Rice,161,26
580,2025-06-24,Rajma Chawal,118,29
581,2025-06-24,Boiled Veggies,150,18
582,2025-06-24,Aloo Paratha,104,0
583,2025-06-29,Chole Bhature,95,30
584,2025-06-29,Sambhar,139,20
585,2025-06-29,Jeera Rice,101,17
586,2025-06-17,Jeera Rice,116,-8
587,2025-06-17,Chole Bhature,170,-1
588,2025-06-17,Rajma Chawal,149,26
589,2025-06-18,Sambhar,191,-6
590,2025-06-18,Aloo Paratha,116,27
591,2025-06-18,Rajma Chawal,173,5
592,2025-06-09,Veg Biryani,101,20
593,2025-06-09,Boiled Veggies,89,15
594,2025-06-09,Paneer Butter Masala,78,24
595,2025-06-28,Paneer Butter Masala,177,21
596,2025-06-28,Sambhar,144,20
597,2025-06-28,Jeera Rice,115,7
598,2025-06-23,Paneer Butter Masala,126,8
599,2025-06-23,Aloo Paratha,131,13
600,2025-06-23,Sambhar,100,7
601,2025-06-08,Aloo Paratha,175,23
602,2025-06-08,Paneer Butter Masala,202,-8
603,2025-06-08,Sambhar,142,-4
604,2025-06-29,Rajma Chawal,180,-5
605,2025-06-29,Veg Biryani,139,14
606,2025-06-29,Sambhar,160,4
607,2025-06-14,Aloo Paratha,129,-6
608,2025-06-14,Paneer Butter Masala,190,-8
609,2025-06-14,Sambhar,150,-7
610,2025-07-04,Aloo Paratha,137,1
611,2025-07-04,Jeera Rice,136,14
612,2025-07-04,Sambhar,108,9
613,2025-06-14,Sambhar,131,24
614,2025-06-14,Aloo Paratha,100,12
615,2025-06-14,Chole Bhature,161,18
616,2025-07-10,Aloo Paratha,193,-6
617,2025-07-10,Chole Bhature,159,6
618,2025-07-10,Sambhar,196,2
619,2025-06-24,Jeera Rice,133,26
620,2025-06-24,Paneer Butter Masala,152,21
621,2025-06-24,Chole Bhature,94,12
622,2025-06-22,Boiled Veggies,114,29
623,2025-06-22,Aloo Paratha,186,12
624,2025-06-22,Rajma Chawal,146,19
625,2025-07-01,Aloo Paratha,163,15
626,2025-07-01,Rajma Chawal,183,-5
627,2025-07-01,Paneer Butter Masala,178,-5
628,2025-06-16,Rajma Chawal,81,24
629,2025-06-16,Sambhar,102,25
630,2025-06-16,Paneer Butter Masala,73,30
631,2025-06-02,Jeera Rice,135,19
632,2025-06-02,Aloo Paratha,115,-4
633,2025-06-02,Chole Bhature,74,30
634,2025-06-08,Jeera Rice,202,-7
635,2025-06-08,Veg Biryani,141,25
636,2025-06-08,Sambhar,190,-8
637,2025-07-03,Chole Bhature,172,16
638,2025-07-03,Paneer Butter Masala,136,-2
639,2025-07-03,Sambhar,104,-1
640,2025-06-15,Jeera Rice,130,1
641,2025-06-15,Sambhar,118,3
642,2025-06-15,Aloo Paratha,99,9
643,2025-06-08,Chole Bhature,132,10
644,2025-06-08,Paneer Butter Masala,107,12
645,2025-06-08,Sambhar,176,7
646,2025-06-29,Paneer Butter Masala,150,14
647,2025-06-29,Aloo Paratha,163,11
648,2025-06-29,Chole Bhature,120,-6
649,2025-07-08,Jeera Rice,97,28
650,2025-07-08,Chole Bhature,163,11
651,2025-07-08,Aloo Paratha,98,6
652,2025-07-04,Veg Biryani,143,24
653,2025-07-04,Sambhar,190,9
654,2025-07-04,Boiled Veggies,95,22
655,2025-07-02,Jeera Rice,154,7
656,2025-07-02,Sambhar,156,-2
657,2025-07-02,Rajma Chawal,128,10
658,2025-06-28,Paneer Butter Masala,153,27
659,2025-06-28,Chole Bhature,98,28
660,2025-06-28,Veg Biryani,125,-3
661,2025-07-10,Sambhar,124,8
662,2025-07-10,Veg Biryani,87,29
663,2025-07-10,Paneer Butter Masala,131,12
664,2025-06-14,Paneer Butter Masala,140,-9
665,2025-06-14,Sambhar,172,-5
666,2025-06-14,Veg Biryani,158,9
667,2025-06-10,Jeera Rice,136,15
668,2025-06-10,Veg Biryani,96,28
669,2025-06-10,Sambhar,121,-8
670,2025-06-02,Boiled Veggies,131,-2
671,2025-06-02,Aloo Paratha,206,-9
672,2025-06-02,Sambhar,176,13
673,2025-06-22,Boiled Veggies,173,22
674,2025-06-22,Rajma Chawal,188,-9
675,2025-06-22,Paneer Butter Masala,82,29
676,2025-06-05,Sambhar,106,26
677,2025-06-05,Jeera Rice,141,17
678,2025-06-05,Chole Bhature,135,30
679,2025-06-28,Rajma Chawal,179,11
680,2025-06-28,Jeera Rice,183,-4
681,2025-06-28,Chole Bhature,93,26
682,2025-06-07,Rajma Chawal,97,6
683,2025-06-07,Veg Biryani,147,23
684,2025-06-07,Chole Bhature,79,21
685,2025-06-30,Boiled Veggies,119,-2
686,2025-06-30,Veg Biryani,96,18
687,2025-06-30,Jeera Rice,155,11
688,2025-06-11,Paneer Butter Masala,152,-8
689,2025-06-11,Chole Bhature,121,19
690,2025-06-11,Veg Biryani,113,0
691,2025-06-27,Chole Bhature,113,2
692,2025-06-27,Veg Biryani,146,-8
693,2025-06-27,Sambhar,166,0
694,2025-07-04,Veg Biryani,155,25
695,2025-07-04,Boiled Veggies,96,9
696,2025-07-04,Sambhar,94,27
697,2025-07-13,Sambhar,157,10
698,2025-07-13,Aloo Paratha,175,7
699,2025-07-13,Veg Biryani,140,26
700,2025-06-07,Aloo Paratha,133,-10
701,2025-06-07,Veg Biryani,139,4
702,2025-06-07,Sambhar,169,28
703,2025-06-26,Paneer Butter Masala,149,-1
704,2025-06-26,Veg Biryani,147,21
705,2025-06-26,Sambhar,201,-9
706,2025-06-25,Aloo Paratha,77,23
707,2025-06-25,Boiled Veggies,186,-3
708,2025-06-25,Veg Biryani,198,-2
709,2025-07-11,Rajma Chawal,109,-6
710,2025-07-11,Boiled Veggies,144,23
711,2025-07-11,Sambhar,120,23
712,2025-07-10,Boiled Veggies,109,4
713,2025-07-10,Veg Biryani,126,-2
714,2025-07-10,Paneer Butter Masala,110,-9
715,2025-06-14,Boiled Veggies,164,6
716,2025-06-14,Sambhar,121,-1
717,2025-06-14,Veg Biryani,135,29
718,2025-07-03,Veg Biryani,101,23
719,2025-07-03,Jeera Rice,186,-5
720,2025-07-03,Boiled Veggies,117,4
721,2025-06-21,Boiled Veggies,180,9
722,2025-06-21,Jeera Rice,138,-10
723,2025-06-21,Aloo Paratha,147,-4
724,2025-06-20,Jeera Rice,159,-4
725,2025-06-20,Chole Bhature,129,15
726,2025-06-20,Rajma Chawal,169,6
727,2025-07-12,Veg Biryani,89,26
728,2025-07-12,Boiled Veggies,155,11
729,2025-07-12,Chole Bhature,147,-4
730,2025-07-01,Chole Bhature,136,5
731,2025-07-01,Boiled Veggies,181,-10
732,2025-07-01,Rajma Chawal,101,26
733,2025-06-13,Rajma Chawal,198,0
734,2025-06-13,Veg Biryani,109,-2
735,2025-06-13,Paneer Butter Masala,158,29
736,2025-07-02,Veg Biryani,155,12
737,2025-07-02,Sambhar,121,7
738,2025-07-02,Rajma Chawal,126,11
739,2025-07-09,Jeera Rice,111,-3
740,2025-07-09,Chole Bhature,138,-1
741,2025-07-09,Boiled Veggies,78,27
742,2025-06-30,Veg Biryani,183,5
743,2025-06-30,Chole Bhature,138,5
744,2025-06-30,Boiled Veggies,145,13
745,2025-06-16,Veg Biryani,142,11
746,2025-06-16,Boiled Veggies,117,12
747,2025-06-16,Paneer Butter Masala,144,29
748,2025-07-14,Paneer Butter Masala,173,27
749,2025-07-14,Rajma Chawal,107,1
750,2025-07-14,Chole Bhature,102,30
751,2025-06-09,Sambhar,169,11
752,2025-06-09,Paneer Butter Masala,142,7
753,2025-06-09,Chole Bhature,156,7
754,2025-06-14,Rajma Chawal,106,26
755,2025-06-14,Jeera Rice,117,29
756,2025-06-14,Boiled Veggies,111,-5
757,2025-06-08,Rajma Chawal,181,-9
758,2025-06-08,Jeera Rice,125,23
759,2025-06-08,Aloo Paratha,197,2
760,2025-06-23,Veg Biryani,143,22
761,2025-06-23,Boiled Veggies,131,-2
762,2025-06-23,Paneer Butter Masala,97,19
763,2025-07-03,Jeera Rice,135,20
764,2025-07-03,Boiled Veggies,93,15
765,2025-07-03,Rajma Chawal,86,27
766,2025-07-07,Paneer Butter Masala,124,-2
767,2025-07-07,Sambhar,82,18
768,2025-07-07,Chole Bhature,111,5
769,2025-06-16,Rajma Chawal,161,7
770,2025-06-16,Paneer Butter Masala,136,-9
771,2025-06-16,Boiled Veggies,179,-3
772,2025-06-19,Paneer Butter Masala,161,-7
773,2025-06-19,Aloo Paratha,126,11
774,2025-06-19,Boiled Veggies,144,-6
775,2025-07-07,Boiled Veggies,185,2
776,2025-07-07,Jeera Rice,189,5
777,2025-07-07,Veg Biryani,106,23
778,2025-06-15,Veg Biryani,108,7
779,2025-06-15,Aloo Paratha,134,14
780,2025-06-15,Jeera Rice,176,-4
781,2025-06-25,Veg Biryani,137,25
782,2025-06-25,Aloo Paratha,122,26
783,2025-06-25,Jeera Rice,115,17
784,2025-06-14,Paneer Butter Masala,177,-5
785,2025-06-14,Jeera Rice,202,-10
786,2025-06-14,Rajma Chawal,125,20
787,2025-06-15,Paneer Butter Masala,96,12
788,2025-06-15,Sambhar,189,1
789,2025-06-15,Jeera Rice,176,-6
790,2025-07-04,Boiled Veggies,178,21
791,2025-07-04,Sambhar,154,13
792,2025-07-04,Veg Biryani,138,-2
793,2025-06-16,Rajma Chawal,121,-9
794,2025-06-16,Boiled Veggies,181,12
795,2025-06-16,Aloo Paratha,87,14
796,2025-06-23,Jeera Rice,98,4
797,2025-06-23,Boiled Veggies,181,15
798,2025-06-23,Rajma Chawal,100,17
799,2025-06-26,Paneer Butter Masala,122,1
800,2025-06-26,Boiled Veggies,131,6
801,2025-06-26,Aloo Paratha,113,12
802,2025-06-30,Boiled Veggies,88,16
803,2025-06-30,Veg Biryani,146,-1
804,2025-06-30,Sambhar,170,2
805,2025-07-13,Chole Bhature,133,-10
806,2025-07-13,Veg Biryani,138,18
807,2025-07-13,Boiled Veggies,146,0
808,2025-06-10,Veg Biryani,187,-4
809,2025-06-10,Paneer Butter Masala,201,-10
810,2025-06-10,Jeera Rice,91,23
811,2025-06-15,Veg Biryani,171,3
812,2025-06-15,Boiled Veggies,140,30
813,2025-06-15,Paneer Butter Masala,199,-6
814,2025-06-28,Chole Bhature,136,21
815,2025-06-28,Sambhar,162,28
816,2025-06-28,Veg Biryani,93,21
817,2025-07-14,Jeera Rice,143,4
818,2025-07-14,Rajma Chawal,132,7
819,2025-07-14,Chole Bhature,162,17
820,2025-06-03,Aloo Paratha,135,12
821,2025-06-03,Sambhar,158,0
822,2025-06-03,Boiled Veggies,115,29
823,2025-06-07,Jeera Rice,174,9
824,2025-06-07,Chole Bhature,149,23
825,2025-06-07,Veg Biryani,123,4
826,2025-06-27,Sambhar,110,-10
827,2025-06-27,Aloo Paratha,175,4
828,2025-06-27,Chole Bhature,167,-3
829,2025-07-01,Rajma Chawal,139,-6
830,2025-07-01,Paneer Butter Masala,139,1
831,2025-07-01,Aloo Paratha,127,-6
832,2025-06-30,Chole Bhature,96,9
833,2025-06-30,Sambhar,175,23
834,2025-06-30,Jeera Rice,161,-1
835,2025-06-22,Veg Biryani,181,-7
836,2025-06-22,Paneer Butter Masala,191,3
837,2025-06-22,Jeera Rice,105,12
838,2025-06-20,Paneer Butter Masala,146,27
839,2025-06-20,Chole Bhature,167,14
840,2025-06-20,Sambhar,123,7
841,2025-06-07,Jeera Rice,129,-6
842,2025-06-07,Veg Biryani,137,11
843,2025-06-07,Paneer Butter Masala,97,28
844,2025-06-26,Chole Bhature,94,16
845,2025-06-26,Veg Biryani,179,-5
846,2025-06-26,Rajma Chawal,112,28
847,2025-07-07,Boiled Veggies,193,3
848,2025-07-07,Jeera Rice,95,23
849,2025-07-07,Rajma Chawal,169,7
850,2025-07-04,Sambhar,170,26
851,2025-07-04,Boiled Veggies,114,9
852,2025-07-04,Veg Biryani,126,2
853,2025-06-02,Veg Biryani,109,12
854,2025-06-02,Sambhar,177,8
855,2025-06-02,Boiled Veggies,154,1
856,2025-06-06,Boiled Veggies,152,1
857,2025-06-06,Jeera Rice,169,27
858,2025-06-06,Aloo Paratha,191,3
859,2025-06-27,Jeera Rice,128,-5
860,2025-06-27,Veg Biryani,165,18
861,2025-06-27,Paneer Butter Masala,99,19
862,2025-07-01,Veg Biryani,156,-10
863,2025-07-01,Boiled Veggies,172,0
864,2025-07-01,Sambhar,109,15
865,2025-06-06,Chole Bhature,119,25
866,2025-06-06,Veg Biryani,134,-10
867,2025-06-06,Jeera Rice,128,-1
868,2025-06-03,Sambhar,90,16
869,2025-06-03,Boiled Veggies,185,-1
870,2025-06-03,Veg Biryani,175,11
871,2025-07-06,Aloo Paratha,119,6
872,2025-07-06,Rajma Chawal,179,-5
873,2025-07-06,Boiled Veggies,96,16
874,2025-06-02,Boiled Veggies,117,17
875,2025-06-02,Aloo Paratha,160,15
876,2025-06-02,Paneer Butter Masala,147,-3
877,2025-07-02,Sambhar,170,-7
878,2025-07-02,Jeera Rice,185,9
879,2025-07-02,Veg Biryani,92,26
880,2025-06-22,Paneer Butter Masala,157,27
881,2025-06-22,Veg Biryani,113,29
882,2025-06-22,Rajma Chawal,84,30
883,2025-06-21,Boiled Veggies,147,15
884,2025-06-21,Rajma Chawal,153,27
885,2025-06-21,Sambhar,103,3
886,2025-06-27,Veg Biryani,178,13
887,2025-06-27,Rajma Chawal,193,-10
888,2025-06-27,Aloo Paratha,175,24
889,2025-07-13,Paneer Butter Masala,112,-4
890,2025-07-13,Chole Bhature,130,23
891,2025-07-13,Sambhar,178,-8
892,2025-06-08,Veg Biryani,144,16
893,2025-06-08,Boiled Veggies,178,8
894,2025-06-08,Sambhar,129,13
895,2025-06-02,Rajma Chawal,184,-10
896,2025-06-02,Sambhar,96,9
897,2025-06-02,Boiled Veggies,158,0
898,2025-06-23,Chole Bhature,116,-10
899,2025-06-23,Paneer Butter Masala,124,25
900,2025-06-23,Rajma Chawal,173,18
901,2025-06-12,Chole Bhature,121,7
902,2025-06-12,Veg Biryani,190,0
903,2025-06-12,Sambhar,107,4
904,2025-06-28,Paneer Butter Masala,174,-1
905,2025-06-28,Chole Bhature,103,28
906,2025-06-28,Sambhar,143,10
907,2025-06-27,Jeera Rice,103,26
908,2025-06-27,Sambhar,169,19
909,2025-06-27,Veg Biryani,189,6
910,2025-06-20,Jeera Rice,147,18
911,2025-06-20,Boiled Veggies,157,19
912,2025-06-20,Chole Bhature,204,-7
913,2025-06-08,Veg Biryani,122,-1
914,2025-06-08,Aloo Paratha,154,7
915,2025-06-08,Chole Bhature,171,15
916,2025-06-09,Jeera Rice,178,10
917,2025-06-09,Paneer Butter Masala,82,20
918,2025-06-09,Sambhar,158,18
919,2025-06-22,Boiled Veggies,137,0
920,2025-06-22,Jeera Rice,184,-1
921,2025-06-22,Rajma Chawal,179,15
922,2025-07-03,Rajma Chawal,168,8
923,2025-07-03,Chole Bhature,174,19
924,2025-07-03,Paneer Butter Masala,127,29
925,2025-06-21,Paneer Butter Masala,114,13
926,2025-06-21,Aloo Paratha,126,29
927,2025-06-21,Rajma Chawal,108,13
928,2025-07-03,Jeera Rice,176,13
929,2025-07-03,Sambhar,138,26
930,2025-07-03,Aloo Paratha,125,-1
931,2025-06-12,Aloo Paratha,176,5
932,2025-06-12,Boiled Veggies,147,-10
933,2025-06-12,Veg Biryani,167,12
934,2025-06-28,Paneer Butter Masala,113,9
935,2025-06-28,Rajma Chawal,119,30
936,2025-06-28,Boiled Veggies,129,23
937,2025-07-14,Rajma Chawal,153,2
938,2025-07-14,Paneer Butter Masala,154,19
939,2025-07-14,Chole Bhature,146,29
940,2025-06-27,Sambhar,131,20
941,2025-06-27,Rajma Chawal,114,15
942,2025-06-27,Chole Bhature,140,7
943,2025-06-28,Aloo Paratha,179,-4
944,2025-06-28,Veg Biryani,89,19
945,2025-06-28,Chole Bhature,168,28
946,2025-06-02,Paneer Butter Masala,131,1
947,2025-06-02,Rajma Chawal,188,7
948,2025-06-02,Veg Biryani,176,6
949,2025-07-07,Jeera Rice,109,-1
950,2025-07-07,Aloo Paratha,124,0
951,2025-07-07,Boiled Veggies,109,12
952,2025-07-14,Veg Biryani,173,-8
953,2025-07-14,Chole Bhature,119,17
954,2025-07-14,Paneer Butter Masala,103,-3
955,2025-06-30,Aloo Paratha,154,25
956,2025-06-30,Jeera Rice,106,4
957,2025-06-30,Rajma Chawal,169,21
958,2025-06-07,Paneer Butter Masala,95,12
959,2025-06-07,Rajma Chawal,130,-1
960,2025-06-07,Jeera Rice,152,-1
961,2025-06-27,Sambhar,166,9
962,2025-06-27,Rajma Chawal,115,-5
963,2025-06-27,Chole Bhature,177,-9
964,2025-06-18,Veg Biryani,102,18
965,2025-06-18,Jeera Rice,94,22
966,2025-06-18,Boiled Veggies,127,24
967,2025-06-20,Jeera Rice,164,19
968,2025-06-20,Sambhar,123,-4
969,2025-06-20,Boiled Veggies,151,8
970,2025-06-12,Paneer Butter Masala,142,-1
971,2025-06-12,Veg Biryani,166,14
972,2025-06-12,Chole Bhature,159,4
973,2025-06-01,Rajma Chawal,120,26
974,2025-06-01,Boiled Veggies,120,25
975,2025-06-01,Veg Biryani,178,20
976,2025-06-20,Boiled Veggies,147,6
977,2025-06-20,Jeera Rice,149,4
978,2025-06-20,Chole Bhature,114,6
979,2025-07-07,Jeera Rice,98,14
980,2025-07-07,Aloo Paratha,70,30
981,2025-07-07,Sambhar,106,-6
982,2025-06-09,Chole Bhature,163,-1
983,2025-06-09,Boiled Veggies,146,11
984,2025-06-09,Paneer Butter Masala,158,19
985,2025-06-27,Boiled Veggies,129,8
986,2025-06-27,Rajma Chawal,181,-2
987,2025-06-27,Veg Biryani,155,8
988,2025-06-18,Chole Bhature,185,7
989,2025-06-18,Jeera Rice,107,8
990,2025-06-18,Paneer Butter Masala,146,4
991,2025-06-26,Paneer Butter Masala,113,28
992,2025-06-26,Rajma Chawal,133,27
993,2025-06-26,Aloo Paratha,152,5
994,2025-06-09,Jeera Rice,86,29
995,2025-06-09,Paneer Butter Masala,121,18
996,2025-06-09,Veg Biryani,159,-6
997,2025-06-29,Jeera Rice,112,21
998,2025-06-29,Chole Bhature,106,26
999,2025-06-29,Rajma Chawal,178,0
1000,2025-06-30,Veg Biryani,122,11
1001,2025-06-30,Aloo Paratha,166,5
1002,2025-06-30,Rajma Chawal,175,13
1003,2025-07-12,Boiled Veggies,114,0
1004,2025-07-12,Paneer Butter Masala,98,7
1005,2025-07-12,Jeera Rice,162,30
1006,2025-06-13,Aloo Paratha,108,4
1007,2025-06-13,Chole Bhature,153,28
1008,2025-06-13,Paneer Butter Masala,163,28
1009,2025-07-04,Veg Biryani,144,30
1010,2025-07-04,Rajma Chawal,109,1
1011,2025-07-04,Paneer Butter Masala,125,-2
1012,2025-06-11,Veg Biryani,168,29
1013,2025-06-11,Jeera Rice,124,-7
1014,2025-06-11,Boiled Veggies,103,25
1015,2025-07-04,Boiled Veggies,84,18
1016,2025-07-04,Veg Biryani,178,17
1017,2025-07-04,Jeera Rice,182,12
1018,2025-07-10,Chole Bhature,168,-1
1019,2025-07-10,Paneer Butter Masala,136,24
1020,2025-07-10,Boiled Veggies,202,-9
1021,2025-07-13,Sambhar,92,18
1022,2025-07-13,Rajma Chawal,120,-7
1023,2025-07-13,Veg Biryani,94,23
1024,2025-07-01,Paneer Butter Masala,182,11
1025,2025-07-01,Sambhar,178,-1
1026,2025-07-01,Rajma Chawal,153,-6
1027,2025-07-02,Rajma Chawal,160,25
1028,2025-07-02,Aloo Paratha,133,6
1029,2025-07-02,Chole Bhature,108,20
1030,2025-06-10,Rajma Chawal,186,12
1031,2025-06-10,Paneer Butter Masala,147,15
1032,2025-06-10,Boiled Veggies,145,21
1033,2025-07-12,Sambhar,176,16
1034,2025-07-12,Chole Bhature,159,5
1035,2025-07-12,Veg Biryani,159,-10
1036,2025-06-22,Boiled Veggies,178,-1
1037,2025-06-22,Jeera Rice,144,16
1038,2025-06-22,Veg Biryani,156,-6
1039,2025-06-17,Veg Biryani,133,9
1040,2025-06-17,Sambhar,194,5
1041,2025-06-17,Jeera Rice,150,23
1042,2025-06-03,Paneer Butter Masala,107,24
1043,2025-06-03,Sambhar,105,10
1044,2025-06-03,Rajma Chawal,175,8
1045,2025-07-11,Aloo Paratha,134,23
1046,2025-07-11,Paneer Butter Masala,139,27
1047,2025-07-11,Chole Bhature,143,11
1048,2025-07-13,Veg Biryani,159,9
1049,2025-07-13,Chole Bhature,112,24
1050,2025-07-13,Sambhar,176,0
1051,2025-06-12,Paneer Butter Masala,98,25
1052,2025-06-12,Jeera Rice,149,-2
1053,2025-06-12,Sambhar,124,12
1054,2025-07-01,Boiled Veggies,137,0
1055,2025-07-01,Aloo Paratha,142,-5
1056,2025-07-01,Rajma Chawal,90,25
1057,2025-06-21,Chole Bhature,182,2
1058,2025-06-21,Boiled Veggies,114,24
1059,2025-06-21,Paneer Butter Masala,128,-6
1060,2025-06-16,Boiled Veggies,179,-2
1061,2025-06-16,Aloo Paratha,168,5
1062,2025-06-16,Veg Biryani,166,21
1063,2025-06-10,Veg Biryani,89,24
1064,2025-06-10,Paneer Butter Masala,134,22
1065,2025-06-10,Aloo Paratha,112,-8
1066,2025-06-08,Veg Biryani,178,8
1067,2025-06-08,Chole Bhature,129,24
1068,2025-06-08,Jeera Rice,140,24
1069,2025-06-07,Sambhar,93,27
1070,2025-06-07,Chole Bhature,199,-6
1071,2025-06-07,Veg Biryani,140,19
1072,2025-07-02,Veg Biryani,173,11
1073,2025-07-02,Boiled Veggies,111,2
1074,2025-07-02,Sambhar,126,-7
1075,2025-06-03,Paneer Butter Masala,138,22
1076,2025-06-03,Aloo Paratha,136,10
1077,2025-06-03,Jeera Rice,169,27
1078,2025-06-08,Paneer Butter Masala,174,12
1079,2025-06-08,Jeera Rice,160,22
1080,2025-06-08,Sambhar,130,3
1081,2025-06-02,Veg Biryani,132,14
1082,2025-06-02,Rajma Chawal,120,9
1083,2025-06-02,Sambhar,166,17
1084,2025-07-02,Aloo Paratha,104,13
1085,2025-07-02,Veg Biryani,132,18
1086,2025-07-02,Boiled Veggies,171,25
1087,2025-06-21,Aloo Paratha,163,-4
1088,2025-06-21,Sambhar,186,-7
1089,2025-06-21,Jeera Rice,81,30
1090,2025-06-01,Veg Biryani,153,25
1091,2025-06-01,Rajma Chawal,150,4
1092,2025-06-01,Jeera Rice,162,-9
1093,2025-07-11,Paneer Butter Masala,144,24
1094,2025-07-11,Aloo Paratha,154,11
1095,2025-07-11,Boiled Veggies,160,20
1096,2025-06-16,Aloo Paratha,197,-10
1097,2025-06-16,Chole Bhature,125,13
1098,2025-06-16,Paneer Butter Masala,105,21
1099,2025-06-20,Paneer Butter Masala,155,23
1100,2025-06-20,Sambhar,122,16
1101,2025-06-20,Chole Bhature,119,7
1102,2025-06-17,Rajma Chawal,100,6
1103,2025-06-17,Boiled Veggies,129,-3
1104,2025-06-17,Aloo Paratha,154,16
1105,2025-07-03,Chole Bhature,153,-5
1106,2025-07-03,Jeera Rice,104,14
1107,2025-07-03,Veg Biryani,176,19
1108,2025-07-04,Sambhar,103,30
1109,2025-07-04,Aloo Paratha,144,9
1110,2025-07-04,Boiled Veggies,183,-2
1111,2025-07-12,Sambhar,127,25
1112,2025-07-12,Aloo Paratha,173,-5
1113,2025-07-12,Chole Bhature,192,-8
1114,2025-07-07,Rajma Chawal,182,-5
1115,2025-07-07,Sambhar,151,10
1116,2025-07-07,Chole Bhature,110,4
1117,2025-07-02,Jeera Rice,136,18
1118,2025-07-02,Rajma Chawal,169,18
1119,2025-07-02,Sambhar,169,5
1120,2025-06-19,Boiled Veggies,165,2
1121,2025-06-19,Chole Bhature,169,30
1122,2025-06-19,Jeera Rice,98,19
1123,2025-06-05,Aloo Paratha,159,-5
1124,2025-06-05,Boiled Veggies,92,23
1125,2025-06-05,Paneer Butter Masala,118,-1
1126,2025-06-15,Sambhar,95,5
1127,2025-06-15,Paneer Butter Masala,133,1
1128,2025-06-15,Boiled Veggies,123,21
1129,2025-06-26,Paneer Butter Masala,181,8
1130,2025-06-26,Rajma Chawal,192,-8
1131,2025-06-26,Veg Biryani,108,-3
1132,2025-07-10,Jeera Rice,128,10
1133,2025-07-10,Boiled Veggies,171,21
1134,2025-07-10,Sambhar,79,27
1135,2025-07-13,Veg Biryani,190,8
1136,2025-07-13,Boiled Veggies,124,26
1137,2025-07-13,Rajma Chawal,177,-9
1138,2025-06-20,Chole Bhature,169,6
1139,2025-06-20,Veg Biryani,202,-5
1140,2025-06-20,Aloo Paratha,128,15
1141,2025-07-07,Sambhar,119,27
1142,2025-07-07,Chole Bhature,152,4
1143,2025-07-07,Jeera Rice,110,-5
1144,2025-06-15,Paneer Butter Masala,159,13
1145,2025-06-15,Aloo Paratha,133,2
1146,2025-06-15,Chole Bhature,102,5
1147,2025-06-18,Boiled Veggies,199,-3
1148,2025-06-18,Aloo Paratha,104,25
1149,2025-06-18,Veg Biryani,76,26
1150,2025-06-12,Rajma Chawal,203,-4
1151,2025-06-12,Aloo Paratha,195,0
1152,2025-06-12,Veg Biryani,169,17
1153,2025-06-06,Sambhar,125,-9
1154,2025-06-06,Aloo Paratha,93,15
1155,2025-06-06,Jeera Rice,172,2
1156,2025-06-03,Rajma Chawal,147,7
1157,2025-06-03,Jeera Rice,119,-6
1158,2025-06-03,Sambhar,191,7
1159,2025-06-12,Rajma Chawal,164,18
1160,2025-06-12,Boiled Veggies,123,22
1161,2025-06-12,Sambhar,162,-8
1162,2025-07-12,Veg Biryani,121,20
1163,2025-07-12,Aloo Paratha,123,1
1164,2025-07-12,Chole Bhature,164,5
1165,2025-06-15,Paneer Butter Masala,144,5
1166,2025-06-15,Boiled Veggies,99,8
1167,2025-06-15,Rajma Chawal,129,28
1168,2025-06-27,Jeera Rice,168,4
1169,2025-06-27,Veg Biryani,203,-6
1170,2025-06-27,Boiled Veggies,142,24
1171,2025-06-09,Rajma Chawal,190,-7
1172,2025-06-09,Sambhar,116,-5
1173,2025-06-09,Aloo Paratha,137,28
1174,2025-06-13,Veg Biryani,141,-1
1175,2025-06-13,Jeera Rice,117,21
1176,2025-06-13,Aloo Paratha,151,13
1177,2025-06-18,Rajma Chawal,135,16
1178,2025-06-18,Aloo Paratha,129,19
1179,2025-06-18,Jeera Rice,180,19
1180,2025-06-05,Rajma Chawal,113,18
1181,2025-06-05,Paneer Butter Masala,121,28
1182,2025-06-05,Veg Biryani,114,8
1183,2025-06-01,Aloo Paratha,100,26
1184,2025-06-01,Rajma Chawal,99,22
1185,2025-06-01,Chole Bhature,128,2
1186,2025-07-03,Rajma Chawal,169,24
1187,2025-07-03,Aloo Paratha,159,-4
1188,2025-07-03,Jeera Rice,144,14
1189,2025-06-01,Veg Biryani,158,7
1190,2025-06-01,Boiled Veggies,130,19
1191,2025-06-01,Chole Bhature,189,-10
1192,2025-06-30,Jeera Rice,192,2
1193,2025-06-30,Veg Biryani,135,30
1194,2025-06-30,Chole Bhature,112,22
1195,2025-07-11,Sambhar,141,28
1196,2025-07-11,Veg Biryani,140,-1
1197,2025-07-11,Chole Bhature,128,-7
1198,2025-06-04,Jeera Rice,103,14
1199,2025-06-04,Sambhar,155,20
1200,2025-06-04,Boiled Veggies,121,0
1201,2025-06-03,Paneer Butter Masala,74,26
1202,2025-06-03,Jeera Rice,160,24
1203,2025-06-03,Chole Bhature,148,9
1204,2025-07-07,Boiled Veggies,142,3
1205,2025-07-07,Jeera Rice,173,-6
1206,2025-07-07,Paneer Butter Masala,136,-8
1207,2025-06-01,Veg Biryani,95,14
1208,2025-06-01,Rajma Chawal,162,5
1209,2025-06-01,Paneer Butter Masala,116,22
1210,2025-06-08,Rajma Chawal,173,12
1211,2025-06-08,Jeera Rice,107,14
1212,2025-06-08,Sambhar,176,24
1213,2025-07-13,Chole Bhature,86,20
1214,2025-07-13,Paneer Butter Masala,101,12
1215,2025-07-13,Sambhar,157,18
1216,2025-06-14,Chole Bhature,149,0
1217,2025-06-14,Boiled Veggies,128,9
1218,2025-06-14,Rajma Chawal,206,-10
1219,2025-06-03,Veg Biryani,171,11
1220,2025-06-03,Chole Bhature,143,9
1221,2025-06-03,Rajma Chawal,182,17
1222,2025-07-13,Jeera Rice,75,30
1223,2025-07-13,Aloo Paratha,148,0
1224,2025-07-13,Boiled Veggies,117,22
1225,2025-06-30,Chole Bhature,156,9
1226,2025-06-30,Boiled Veggies,136,20
1227,2025-06-30,Rajma Chawal,122,-1
1228,2025-06-05,Rajma Chawal,161,17
1229,2025-06-05,Jeera Rice,95,20
1230,2025-06-05,Chole Bhature,132,10
1231,2025-06-09,Aloo Paratha,131,14
1232,2025-06-09,Veg Biryani,171,-5
1233,2025-06-09,Jeera Rice,146,15
1234,2025-06-19,Rajma Chawal,95,22
1235,2025-06-19,Chole Bhature,107,14
1236,2025-06-19,Aloo Paratha,108,17
1237,2025-06-09,Chole Bhature,161,-7
1238,2025-06-09,Sambhar,117,-5
1239,2025-06-09,Paneer Butter Masala,172,11
1240,2025-07-04,Rajma Chawal,108,29
1241,2025-07-04,Paneer Butter Masala,75,30
1242,2025-07-04,Boiled Veggies,173,9
1243,2025-06-02,Veg Biryani,143,11
1244,2025-06-02,Rajma Chawal,162,15
1245,2025-06-02,Jeera Rice,177,5
1246,2025-07-05,Rajma Chawal,200,-7
1247,2025-07-05,Chole Bhature,133,2
1248,2025-07-05,Jeera Rice,141,28
1249,2025-06-04,Boiled Veggies,151,5
1250,2025-06-04,Veg Biryani,79,25
1251,2025-06-04,Chole Bhature,116,27
1252,2025-06-02,Aloo Paratha,176,16
1253,2025-06-02,Veg Biryani,126,21
1254,2025-06-02,Paneer Butter Masala,140,19
1255,2025-07-10,Sambhar,138,12
1256,2025-07-10,Paneer Butter Masala,95,20
1257,2025-07-10,Chole Bhature,87,18
1258,2025-06-04,Jeera Rice,160,28
1259,2025-06-04,Sambhar,157,10
1260,2025-06-04,Veg Biryani,166,20
1261,2025-07-03,Jeera Rice,165,22
1262,2025-07-03,Paneer Butter Masala,151,8
1263,2025-07-03,Aloo Paratha,162,2
1264,2025-07-03,Veg Biryani,82,23
1265,2025-07-03,Chole Bhature,184,-8
1266,2025-07-03,Sambhar,179,20
1267,2025-06-25,Jeera Rice,83,21
1268,2025-06-25,Chole Bhature,132,0
1269,2025-06-25,Veg Biryani,86,19
1270,2025-06-05,Jeera Rice,146,-2
1271,2025-06-05,Rajma Chawal,142,-7
1272,2025-06-05,Aloo Paratha,147,13
1273,2025-06-29,Paneer Butter Masala,112,22
1274,2025-06-29,Rajma Chawal,83,18
1275,2025-06-29,Aloo Paratha,120,5
1276,2025-07-10,Boiled Veggies,161,-7
1277,2025-07-10,Jeera Rice,138,28
1278,2025-07-10,Rajma Chawal,146,-4
1279,2025-06-25,Jeera Rice,146,30
1280,2025-06-25,Rajma Chawal,152,4
1281,2025-06-25,Veg Biryani,176,15
1282,2025-07-11,Rajma Chawal,189,-1
1283,2025-07-11,Boiled Veggies,125,0
1284,2025-07-11,Sambhar,158,27
1285,2025-07-13,Rajma Chawal,141,10
1286,2025-07-13,Sambhar,172,-6
1287,2025-07-13,Veg Biryani,108,13
1288,2025-06-20,Veg Biryani,137,18
1289,2025-06-20,Rajma Chawal,147,17
1290,2025-06-20,Chole Bhature,110,19
1291,2025-06-01,Paneer Butter Masala,136,11
1292,2025-06-01,Boiled Veggies,141,-7
1293,2025-06-01,Chole Bhature,180,7
1294,2025-06-05,Rajma Chawal,119,22
1295,2025-06-05,Sambhar,152,14
1296,2025-06-05,Paneer Butter Masala,156,3
1297,2025-07-03,Sambhar,158,-9
1298,2025-07-03,Jeera Rice,118,21
1299,2025-07-03,Paneer Butter Masala,169,24
1300,2025-06-30,Boiled Veggies,140,11
1301,2025-06-30,Aloo Paratha,142,28
1302,2025-06-30,Rajma Chawal,84,25
1303,2025-07-04,Rajma Chawal,160,-3
1304,2025-07-04,Sambhar,153,18
1305,2025-07-04,Aloo Paratha,140,6
1306,2025-07-02,Aloo Paratha,199,-6
1307,2025-07-02,Jeera Rice,151,1
1308,2025-07-02,Boiled Veggies,193,7
1309,2025-06-18,Paneer Butter Masala,161,19
1310,2025-06-18,Sambhar,102,19
1311,2025-06-18,Rajma Chawal,100,24
1312,2025-07-08,Veg Biryani,172,3
1313,2025-07-08,Chole Bhature,201,-2
1314,2025-07-08,Paneer Butter Masala,115,29
1315,2025-06-22,Veg Biryani,119,15
1316,2025-06-22,Paneer Butter Masala,164,-9
1317,2025-06-22,Aloo Paratha,138,7
1318,2025-06-04,Veg Biryani,174,20
1319,2025-06-04,Paneer Butter Masala,111,-10
1320,2025-06-04,Aloo Paratha,156,3
1321,2025-07-03,Aloo Paratha,92,21
1322,2025-07-03,Rajma Chawal,165,28
1323,2025-07-03,Veg Biryani,99,21
1324,2025-06-15,Paneer Butter Masala,121,8
1325,2025-06-15,Jeera Rice,170,20
1326,2025-06-15,Boiled Veggies,86,16
1327,2025-06-10,Jeera Rice,104,10
1328,2025-06-10,Chole Bhature,166,20
1329,2025-06-10,Sambhar,194,-4
1330,2025-06-29,Paneer Butter Masala,91,14
1331,2025-06-29,Veg Biryani,145,5
1332,2025-06-29,Chole Bhature,167,-7
1333,2025-07-11,Veg Biryani,171,16
1334,2025-07-11,Rajma Chawal,125,15
1335,2025-07-11,Paneer Butter Masala,154,-8
1336,2025-06-28,Boiled Veggies,179,18
1337,2025-06-28,Aloo Paratha,173,6
1338,2025-06-28,Chole Bhature,82,30
1339,2025-06-12,Sambhar,157,1
1340,2025-06-12,Jeera Rice,116,16
1341,2025-06-12,Boiled Veggies,150,6
1342,2025-06-01,Sambhar,185,9
1343,2025-06-01,Chole Bhature,144,-4
1344,2025-06-01,Veg Biryani,180,12
1345,2025-06-16,Paneer Butter Masala,90,22
1346,2025-06-16,Rajma Chawal,145,5
1347,2025-06-16,Boiled Veggies,147,-8
1348,2025-06-05,Chole Bhature,87,23
1349,2025-06-05,Boiled Veggies,178,12
1350,2025-06-05,Veg Biryani,199,-6
1351,2025-06-02,Sambhar,189,-10
1352,2025-06-02,Boiled Veggies,169,21
1353,2025-06-02,Paneer Butter Masala,150,-6
1354,2025-07-09,Rajma Chawal,104,1
1355,2025-07-09,Jeera Rice,136,-3
1356,2025-07-09,Sambhar,139,8
1357,2025-07-12,Boiled Veggies,118,6
1358,2025-07-12,Aloo Paratha,112,-8
1359,2025-07-12,Sambhar,145,17
1360,2025-06-06,Sambhar,197,-6
1361,2025-06-06,Paneer Butter Masala,166,28
1362,2025-06-06,Boiled Veggies,111,4
1363,2025-07-06,Paneer Butter Masala,102,4
1364,2025-07-06,Aloo Paratha,140,16
1365,2025-07-06,Veg Biryani,117,-7
1366,2025-06-18,Boiled Veggies,152,5
1367,2025-06-18,Aloo Paratha,123,6
1368,2025-06-18,Sambhar,106,-4
1369,2025-06-20,Chole Bhature,169,12
1370,2025-06-20,Aloo Paratha,165,27
1371,2025-06-20,Sambhar,134,13
1372,2025-06-11,Sambhar,148,-4
1373,2025-06-11,Boiled Veggies,165,9
1374,2025-06-11,Veg Biryani,139,27
1375,2025-06-07,Aloo Paratha,181,0
1376,2025-06-07,Jeera Rice,137,-10
1377,2025-06-07,Chole Bhature,154,1
1378,2025-06-18,Sambhar,185,-9
1379,2025-06-18,Paneer Butter Masala,148,9
1380,2025-06-18,Boiled Veggies,142,21
1381,2025-06-23,Veg Biryani,112,7
1382,2025-06-23,Boiled Veggies,176,-8
1383,2025-06-23,Chole Bhature,187,12
1384,2025-07-06,Jeera Rice,154,30
1385,2025-07-06,Paneer Butter Masala,141,-7
1386,2025-07-06,Veg Biryani,83,21
1387,2025-06-05,Veg Biryani,89,24
1388,2025-06-05,Paneer Butter Masala,110,30
1389,2025-06-05,Sambhar,194,0
1390,2025-06-05,Jeera Rice,111,-2
1391,2025-06-05,Veg Biryani,181,18
1392,2025-06-05,Sambhar,108,19
1393,2025-06-29,Jeera Rice,147,25
1394,2025-06-29,Rajma Chawal,126,14
1395,2025-06-29,Aloo Paratha,157,30
1396,2025-06-18,Sambhar,106,26
1397,2025-06-18,Aloo Paratha,159,24
1398,2025-06-18,Jeera Rice,179,9
1399,2025-06-28,Paneer Butter Masala,180,7
1400,2025-06-28,Rajma Chawal,136,12
1401,2025-06-28,Chole Bhature,111,16
1402,2025-06-24,Jeera Rice,162,16
1403,2025-06-24,Sambhar,198,1
1404,2025-06-24,Boiled Veggies,101,30
1405,2025-06-12,Chole Bhature,181,3
1406,2025-06-12,Jeera Rice,165,19
1407,2025-06-12,Paneer Butter Masala,164,-4
1408,2025-07-10,Paneer Butter Masala,159,25
1409,2025-07-10,Aloo Paratha,92,11
1410,2025-07-10,Chole Bhature,147,27
1411,2025-07-09,Jeera Rice,133,12
1412,2025-07-09,Chole Bhature,137,30
1413,2025-07-09,Sambhar,104,24
1414,2025-06-04,Sambhar,142,8
1415,2025-06-04,Paneer Butter Masala,155,22
1416,2025-06-04,Aloo Paratha,133,10
1417,2025-07-01,Boiled Veggies,164,-6
1418,2025-07-01,Paneer Butter Masala,99,19
1419,2025-07-01,Sambhar,174,-3
1420,2025-06-14,Sambhar,95,18
1421,2025-06-14,Aloo Paratha,96,13
1422,2025-06-14,Chole Bhature,176,18
1423,2025-06-27,Rajma Chawal,151,7
1424,2025-06-27,Veg Biryani,162,-6
1425,2025-06-27,Chole Bhature,197,-4
1426,2025-06-23,Veg Biryani,154,14
1427,2025-06-23,Jeera Rice,183,8
1428,2025-06-23,Boiled Veggies,105,7
1429,2025-06-19,Sambhar,76,25
1430,2025-06-19,Paneer Butter Masala,185,0
1431,2025-06-19,Jeera Rice,187,10
1432,2025-06-21,Jeera Rice,95,10
1433,2025-06-21,Sambhar,143,6
1434,2025-06-21,Rajma Chawal,117,6
1435,2025-06-15,Jeera Rice,182,15
1436,2025-06-15,Rajma Chawal,142,-8
1437,2025-06-15,Boiled Veggies,108,3
1438,2025-07-07,Boiled Veggies,178,12
1439,2025-07-07,Chole Bhature,154,2
1440,2025-07-07,Rajma Chawal,181,15
1441,2025-07-04,Chole Bhature,174,26
1442,2025-07-04,Boiled Veggies,88,17
1443,2025-07-04,Sambhar,128,25
1444,2025-07-06,Boiled Veggies,167,-1
1445,2025-07-06,Chole Bhature,173,-1
1446,2025-07-06,Aloo Paratha,125,3
1447,2025-06-27,Aloo Paratha,160,24
1448,2025-06-27,Veg Biryani,117,19
1449,2025-06-27,Sambhar,83,23
1450,2025-06-27,Chole Bhature,170,25
1451,2025-06-27,Aloo Paratha,193,-7
1452,2025-06-27,Rajma Chawal,105,12
1453,2025-06-29,Aloo Paratha,154,0
1454,2025-06-29,Chole Bhature,146,-5
1455,2025-06-29,Paneer Butter Masala,144,-5
1456,2025-07-02,Aloo Paratha,164,24
1457,2025-07-02,Rajma Chawal,166,14
1458,2025-07-02,Boiled Veggies,154,-3
1459,2025-06-29,Jeera Rice,165,-2
1460,2025-06-29,Chole Bhature,113,11
1461,2025-06-29,Veg Biryani,176,-5
1462,2025-06-08,Aloo Paratha,135,28
1463,2025-06-08,Jeera Rice,102,18
1464,2025-06-08,Sambhar,88,22
1465,2025-06-19,Paneer Butter Masala,158,24
1466,2025-06-19,Sambhar,96,12
1467,2025-06-19,Boiled Veggies,147,-3
1468,2025-06-13,Chole Bhature,172,18
1469,2025-06-13,Veg Biryani,120,28
1470,2025-06-13,Rajma Chawal,127,26
1471,2025-06-06,Boiled Veggies,114,-1
1472,2025-06-06,Chole Bhature,181,-2
1473,2025-06-06,Sambhar,181,12
1474,2025-06-20,Veg Biryani,136,20
1475,2025-06-20,Aloo Paratha,136,14
1476,2025-06-20,Sambhar,144,12
1477,2025-07-06,Rajma Chawal,141,8
1478,2025-07-06,Veg Biryani,100,15
1479,2025-07-06,Jeera Rice,201,-3
1480,2025-06-25,Paneer Butter Masala,81,20
1481,2025-06-25,Chole Bhature,139,14
1482,2025-06-25,Veg Biryani,130,-2
1483,2025-06-14,Chole Bhature,182,1
1484,2025-06-14,Paneer Butter Masala,171,-10
1485,2025-06-14,Veg Biryani,171,21
1486,2025-06-11,Jeera Rice,166,14
1487,2025-06-11,Aloo Paratha,148,11
1488,2025-06-11,Veg Biryani,205,-7
1489,2025-06-14,Paneer Butter Masala,101,23
1490,2025-06-14,Rajma Chawal,117,27
1491,2025-06-14,Chole Bhature,99,16
1492,2025-06-20,Rajma Chawal,103,11
1493,2025-06-20,Paneer Butter Masala,162,9
1494,2025-06-20,Aloo Paratha,171,17
1495,2025-06-16,Jeera Rice,146,27
1496,2025-06-16,Chole Bhature,160,30
1497,2025-06-16,Veg Biryani,131,24
1498,2025-06-04,Veg Biryani,122,-1
1499,2025-06-04,Chole Bhature,159,2
1500,2025-06-04,Rajma Chawal,190,-8
1501,2025-06-11,Paneer Butter Masala,189,-7
1502,2025-06-11,Chole Bhature,126,16
1503,2025-06-11,Boiled Veggies,184,6
1504,2025-07-08,Jeera Rice,126,-7
1505,2025-07-08,Boiled Veggies,103,16
1506,2025-07-08,Veg Biryani,145,5
1507,2025-07-02,Veg Biryani,110,-5
1508,2025-07-02,Aloo Paratha,144,12
1509,2025-07-02,Boiled Veggies,116,10
1510,2025-06-20,Aloo Paratha,151,2
1511,2025-06-20,Rajma Chawal,123,19
1512,2025-06-20,Veg Biryani,183,2
1513,2025-07-09,Boiled Veggies,176,15
1514,2025-07-09,Veg Biryani,118,3
1515,2025-07-09,Chole Bhature,179,-4
1516,2025-07-13,Aloo Paratha,163,3
1517,2025-07-13,Jeera Rice,155,23
1518,2025-07-13,Chole Bhature,182,1
1519,2025-06-20,Veg Biryani,93,16
1520,2025-06-20,Rajma Chawal,158,28
1521,2025-06-20,Aloo Paratha,164,14
1522,2025-06-23,Jeera Rice,148,22
1523,2025-06-23,Aloo Paratha,164,19
1524,2025-06-23,Sambhar,79,27
1525,2025-07-03,Rajma Chawal,154,18
1526,2025-07-03,Chole Bhature,196,-9
1527,2025-07-03,Veg Biryani,147,19
1528,2025-06-17,Boiled Veggies,136,7
1529,2025-06-17,Sambhar,120,18
1530,2025-06-17,Paneer Butter Masala,181,-7
1531,2025-06-07,Jeera Rice,95,9
1532,2025-06-07,Aloo Paratha,195,-6
1533,2025-06-07,Sambhar,117,7
1534,2025-06-08,Paneer Butter Masala,104,22
1535,2025-06-08,Chole Bhature,186,7
1536,2025-06-08,Veg Biryani,104,20
1537,2025-06-15,Veg Biryani,158,27
1538,2025-06-15,Boiled Veggies,167,-5
1539,2025-06-15,Chole Bhature,168,-10
1540,2025-06-19,Boiled Veggies,159,17
1541,2025-06-19,Sambhar,138,27
1542,2025-06-19,Jeera Rice,100,1
1543,2025-06-11,Rajma Chawal,107,29
1544,2025-06-11,Boiled Veggies,98,12
1545,2025-06-11,Chole Bhature,201,-10
1546,2025-06-06,Rajma Chawal,166,-2
1547,2025-06-06,Jeera Rice,159,-8
1548,2025-06-06,Veg Biryani,159,3
1549,2025-07-09,Sambhar,169,-4
1550,2025-07-09,Chole Bhature,91,12
1551,2025-07-09,Veg Biryani,166,28
1552,2025-06-12,Aloo Paratha,107,11
1553,2025-06-12,Boiled Veggies,98,4
1554,2025-06-12,Rajma Chawal,154,11
1555,2025-06-13,Paneer Butter Masala,165,2
1556,2025-06-13,Aloo Paratha,181,-6
1557,2025-06-13,Sambhar,162,-5
1558,2025-06-13,Rajma Chawal,142,27
1559,2025-06-13,Paneer Butter Masala,188,-6
1560,2025-06-13,Sambhar,131,21
1561,2025-06-11,Boiled Veggies,167,-10
1562,2025-06-11,Sambhar,155,19
1563,2025-06-11,Jeera Rice,191,-9
1564,2025-06-29,Paneer Butter Masala,118,3
1565,2025-06-29,Jeera Rice,114,11
1566,2025-06-29,Aloo Paratha,171,26
1567,2025-06-27,Boiled Veggies,170,23
1568,2025-06-27,Aloo Paratha,105,26
1569,2025-06-27,Sambhar,98,3
1570,2025-06-13,Jeera Rice,163,17
1571,2025-06-13,Paneer Butter Masala,176,18
1572,2025-06-13,Veg Biryani,178,12
1573,2025-06-09,Chole Bhature,162,14
1574,2025-06-09,Veg Biryani,109,14
1575,2025-06-09,Jeera Rice,196,-7
1576,2025-06-18,Rajma Chawal,154,28
1577,2025-06-18,Chole Bhature,78,26
1578,2025-06-18,Sambhar,162,17
1579,2025-06-19,Chole Bhature,153,11
1580,2025-06-19,Sambhar,95,6
1581,2025-06-19,Boiled Veggies,170,18
1582,2025-06-01,Veg Biryani,162,12
1583,2025-06-01,Paneer Butter Masala,181,-3
1584,2025-06-01,Sambhar,144,-8
1585,2025-06-02,Paneer Butter Masala,114,-5
1586,2025-06-02,Boiled Veggies,122,22
1587,2025-06-02,Rajma Chawal,189,-10
1588,2025-06-18,Sambhar,103,15
1589,2025-06-18,Chole Bhature,108,-2
1590,2025-06-18,Paneer Butter Masala,128,-7
1591,2025-06-16,Jeera Rice,165,15
1592,2025-06-16,Veg Biryani,152,3
1593,2025-06-16,Aloo Paratha,126,-7
1594,2025-07-09,Aloo Paratha,148,-8
1595,2025-07-09,Sambhar,148,8
1596,2025-07-09,Paneer Butter Masala,123,26
1597,2025-06-13,Sambhar,106,25
1598,2025-06-13,Rajma Chawal,173,17
1599,2025-06-13,Veg Biryani,140,22
1600,2025-06-27,Chole Bhature,104,7
1601,2025-06-27,Sambhar,105,19
1602,2025-06-27,Rajma Chawal,168,7
1603,2025-07-12,Boiled Veggies,119,14
1604,2025-07-12,Aloo Paratha,159,12
1605,2025-07-12,Sambhar,148,1
1606,2025-07-07,Sambhar,167,9
1607,2025-07-07,Boiled Veggies,158,28
1608,2025-07-07,Veg Biryani,106,27
1609,2025-06-08,Aloo Paratha,167,29
1610,2025-06-08,Boiled Veggies,154,10
1611,2025-06-08,Jeera Rice,117,5
1612,2025-06-18,Jeera Rice,123,-5
1613,2025-06-18,Rajma Chawal,93,9
1614,2025-06-18,Chole Bhature,171,4
1615,2025-06-27,Rajma Chawal,128,27
1616,2025-06-27,Veg Biryani,91,16
1617,2025-06-27,Paneer Butter Masala,95,13
1618,2025-06-28,Sambhar,151,29
1619,2025-06-28,Chole Bhature,133,4
1620,2025-06-28,Jeera Rice,117,12
1621,2025-07-01,Sambhar,199,-8
1622,2025-07-01,Paneer Butter Masala,116,16
1623,2025-07-01,Rajma Chawal,117,10
1624,2025-07-09,Paneer Butter Masala,141,8
1625,2025-07-09,Rajma Chawal,167,-3
1626,2025-07-09,Sambhar,198,-1
1627,2025-06-01,Veg Biryani,144,23
1628,2025-06-01,Sambhar,130,-2
1629,2025-06-01,Chole Bhature,111,19
1630,2025-06-17,Paneer Butter Masala,148,16
1631,2025-06-17,Jeera Rice,198,-7
1632,2025-06-17,Sambhar,103,4
1633,2025-06-14,Jeera Rice,107,6
1634,2025-06-14,Rajma Chawal,131,1
1635,2025-06-14,Paneer Butter Masala,160,19
1636,2025-06-08,Rajma Chawal,164,25
1637,2025-06-08,Aloo Paratha,102,11
1638,2025-06-08,Veg Biryani,155,14
1639,2025-06-29,Rajma Chawal,101,1
1640,2025-06-29,Paneer Butter Masala,175,8
1641,2025-06-29,Jeera Rice,167,2
1642,2025-06-28,Paneer Butter Masala,96,9
1643,2025-06-28,Aloo Paratha,93,21
1644,2025-06-28,Chole Bhature,104,17
1645,2025-06-05,Boiled Veggies,128,-3
1646,2025-06-05,Veg Biryani,166,23
1647,2025-06-05,Chole Bhature,124,20
1648,2025-06-15,Rajma Chawal,168,30
1649,2025-06-15,Aloo Paratha,103,12
1650,2025-06-15,Jeera Rice,107,-3
1651,2025-06-10,Rajma Chawal,122,24
1652,2025-06-10,Veg Biryani,194,4
1653,2025-06-10,Sambhar,201,-3
1654,2025-06-22,Jeera Rice,95,8
1655,2025-06-22,Sambhar,188,5
1656,2025-06-22,Paneer Butter Masala,138,-4
1657,2025-07-09,Sambhar,82,29
1658,2025-07-09,Jeera Rice,142,21
1659,2025-07-09,Boiled Veggies,164,24
1660,2025-06-07,Rajma Chawal,90,30
1661,2025-06-07,Chole Bhature,77,24
1662,2025-06-07,Sambhar,154,10
1663,2025-06-09,Chole Bhature,118,16
1664,2025-06-09,Boiled Veggies,167,-10
1665,2025-06-09,Aloo Paratha,184,-10
1666,2025-06-09,Rajma Chawal,123,-7
1667,2025-06-09,Chole Bhature,79,28
1668,2025-06-09,Boiled Veggies,115,-4
1669,2025-07-12,Paneer Butter Masala,171,26
1670,2025-07-12,Veg Biryani,133,-9
1671,2025-07-12,Chole Bhature,138,18
1672,2025-06-15,Boiled Veggies,166,2
1673,2025-06-15,Sambhar,171,-5
1674,2025-06-15,Paneer Butter Masala,110,14
1675,2025-06-10,Aloo Paratha,141,-3
1676,2025-06-10,Boiled Veggies,75,26
1677,2025-06-10,Jeera Rice,165,15
1678,2025-07-08,Sambhar,125,8
1679,2025-07-08,Aloo Paratha,163,3
1680,2025-07-08,Rajma Chawal,122,18
1681,2025-07-10,Veg Biryani,124,23
1682,2025-07-10,Chole Bhature,109,14
1683,2025-07-10,Jeera Rice,155,0
1684,2025-06-02,Boiled Veggies,112,6
1685,2025-06-02,Jeera Rice,158,25
1686,2025-06-02,Veg Biryani,187,-4
1687,2025-06-05,Aloo Paratha,143,2
1688,2025-06-05,Sambhar,125,16
1689,2025-06-05,Chole Bhature,129,15
1690,2025-06-27,Sambhar,176,20
1691,2025-06-27,Chole Bhature,175,5
1692,2025-06-27,Veg Biryani,136,-5
1693,2025-06-02,Sambhar,172,9
1694,2025-06-02,Rajma Chawal,158,20
1695,2025-06-02,Veg Biryani,177,-2
1696,2025-07-09,Jeera Rice,123,8
1697,2025-07-09,Boiled Veggies,151,24
1698,2025-07-09,Veg Biryani,139,19
1699,2025-06-10,Paneer Butter Masala,145,11
1700,2025-06-10,Boiled Veggies,160,-7
1701,2025-06-10,Rajma Chawal,143,10
1702,2025-07-12,Paneer Butter Masala,98,25
1703,2025-07-12,Rajma Chawal,168,6
1704,2025-07-12,Chole Bhature,136,1
1705,2025-07-03,Sambhar,137,27
1706,2025-07-03,Chole Bhature,133,17
1707,2025-07-03,Rajma Chawal,179,4
1708,2025-07-02,Paneer Butter Masala,82,23
1709,2025-07-02,Jeera Rice,134,14
1710,2025-07-02,Rajma Chawal,135,14
1711,2025-07-14,Jeera Rice,116,12
1712,2025-07-14,Boiled Veggies,114,25
1713,2025-07-14,Sambhar,146,-4
1714,2025-06-22,Jeera Rice,124,17
1715,2025-06-22,Sambhar,120,4
1716,2025-06-22,Aloo Paratha,98,16
1717,2025-06-04,Paneer Butter Masala,158,-9
1718,2025-06-04,Aloo Paratha,139,-8
1719,2025-06-04,Chole Bhature,167,26
1720,2025-07-09,Veg Biryani,186,-5
1721,2025-07-09,Boiled Veggies,153,7
1722,2025-07-09,Chole Bhature,97,11
1723,2025-07-14,Veg Biryani,102,25
1724,2025-07-14,Chole Bhature,131,15
1725,2025-07-14,Aloo Paratha,125,29
1726,2025-07-14,Jeera Rice,136,26
1727,2025-07-14,Paneer Butter Masala,137,6
1728,2025-07-14,Aloo Paratha,102,-1
1729,2025-06-04,Sambhar,172,10
1730,2025-06-04,Chole Bhature,107,4
1731,2025-06-04,Rajma Chawal,174,10
1732,2025-06-18,Boiled Veggies,75,26
1733,2025-06-18,Jeera Rice,165,11
1734,2025-06-18,Veg Biryani,201,-7
1735,2025-06-16,Rajma Chawal,104,19
1736,2025-06-16,Veg Biryani,176,-4
1737,2025-06-16,Jeera Rice,126,-6
1738,2025-06-11,Paneer Butter Masala,174,24
1739,2025-06-11,Sambhar,119,6
1740,2025-06-11,Rajma Chawal,140,25
1741,2025-06-09,Sambhar,117,-9
1742,2025-06-09,Boiled Veggies,169,-1
1743,2025-06-09,Aloo Paratha,116,9
1744,2025-06-12,Boiled Veggies,180,3
1745,2025-06-12,Rajma Chawal,138,21
1746,2025-06-12,Jeera Rice,170,-4
1747,2025-06-07,Boiled Veggies,169,2
1748,2025-06-07,Jeera Rice,143,11
1749,2025-06-07,Chole Bhature,83,22
1750,2025-06-28,Chole Bhature,146,9
1751,2025-06-28,Boiled Veggies,125,7
1752,2025-06-28,Jeera Rice,97,14
1753,2025-06-27,Boiled Veggies,145,6
1754,2025-06-27,Rajma Chawal,172,4
1755,2025-06-27,Jeera Rice,196,-5
1756,2025-06-08,Sambhar,154,28
1757,2025-06-08,Paneer Butter Masala,171,18
1758,2025-06-08,Boiled Veggies,132,5
1759,2025-06-20,Jeera Rice,200,-5
1760,2025-06-20,Veg Biryani,144,19
1761,2025-06-20,Paneer Butter Masala,127,2
1762,2025-06-30,Chole Bhature,137,14
1763,2025-06-30,Rajma Chawal,93,20
1764,2025-06-30,Boiled Veggies,129,-1
1765,2025-06-16,Veg Biryani,173,1
1766,2025-06-16,Jeera Rice,93,12
1767,2025-06-16,Boiled Veggies,180,18
1768,2025-07-11,Boiled Veggies,150,2
1769,2025-07-11,Veg Biryani,140,14
1770,2025-07-11,Chole Bhature,98,4
1771,2025-06-28,Rajma Chawal,179,2
1772,2025-06-28,Aloo Paratha,201,-8
1773,2025-06-28,Boiled Veggies,130,8
1774,2025-06-16,Rajma Chawal,159,6
1775,2025-06-16,Chole Bhature,152,-4
1776,2025-06-16,Paneer Butter Masala,143,5
1777,2025-06-19,Boiled Veggies,131,1
1778,2025-06-19,Paneer Butter Masala,148,18
1779,2025-06-19,Sambhar,170,2
1780,2025-06-28,Paneer Butter Masala,119,28
1781,2025-06-28,Jeera Rice,155,17
1782,2025-06-28,Veg Biryani,114,20
1783,2025-06-24,Chole Bhature,143,9
1784,2025-06-24,Jeera Rice,123,28
1785,2025-06-24,Aloo Paratha,190,-10
1786,2025-06-30,Rajma Chawal,153,28
1787,2025-06-30,Veg Biryani,156,23
1788,2025-06-30,Paneer Butter Masala,88,15
1789,2025-06-18,Paneer Butter Masala,169,25
1790,2025-06-18,Sambhar,116,30
1791,2025-06-18,Boiled Veggies,179,21
1792,2025-06-09,Aloo Paratha,76,26
1793,2025-06-09,Veg Biryani,154,3
1794,2025-06-09,Boiled Veggies,117,1
1795,2025-06-15,Sambhar,160,13
1796,2025-06-15,Paneer Butter Masala,106,13
1797,2025-06-15,Boiled Veggies,174,14
1798,2025-06-06,Veg Biryani,186,-10
1799,2025-06-06,Boiled Veggies,153,10
1800,2025-06-06,Jeera Rice,187,-9
1801,2025-06-04,Aloo Paratha,149,23
1802,2025-06-04,Paneer Butter Masala,149,15
1803,2025-06-04,Veg Biryani,140,21
1804,2025-06-29,Aloo Paratha,99,18
1805,2025-06-29,Rajma Chawal,151,14
1806,2025-06-29,Jeera Rice,146,15
1807,2025-06-21,Aloo Paratha,126,-3
1808,2025-06-21,Boiled Veggies,120,23
1809,2025-06-21,Jeera Rice,159,27
1810,2025-06-13,Rajma Chawal,168,9
1811,2025-06-13,Paneer Butter Masala,171,20
1812,2025-06-13,Aloo Paratha,178,4
1813,2025-06-12,Rajma Chawal,181,-8
1814,2025-06-12,Boiled Veggies,94,10
1815,2025-06-12,Jeera Rice,161,24
1816,2025-06-15,Aloo Paratha,105,14
1817,2025-06-15,Jeera Rice,175,-4
1818,2025-06-15,Chole Bhature,108,27
1819,2025-06-20,Boiled Veggies,157,7
1820,2025-06-20,Sambhar,115,30
1821,2025-06-20,Jeera Rice,139,-9
1822,2025-06-03,Boiled Veggies,115,25
1823,2025-06-03,Aloo Paratha,100,1
1824,2025-06-03,Chole Bhature,149,8
1825,2025-06-06,Veg Biryani,97,19
1826,2025-06-06,Aloo Paratha,131,-6
1827,2025-06-06,Chole Bhature,142,-7
1828,2025-07-09,Veg Biryani,129,14
1829,2025-07-09,Boiled Veggies,104,28
1830,2025-07-09,Paneer Butter Masala,165,9
1831,2025-07-10,Chole Bhature,94,6
1832,2025-07-10,Jeera Rice,197,-2
1833,2025-07-10,Aloo Paratha,165,0
1834,2025-07-13,Paneer Butter Masala,76,28
1835,2025-07-13,Rajma Chawal,166,-1
1836,2025-07-13,Veg Biryani,184,-5
1837,2025-07-03,Sambhar,168,21
1838,2025-07-03,Chole Bhature,106,10
1839,2025-07-03,Boiled Veggies,118,24
1840,2025-06-13,Chole Bhature,162,2
1841,2025-06-13,Jeera Rice,116,0
1842,2025-06-13,Veg Biryani,128,-10
1843,2025-06-01,Aloo Paratha,118,-7
1844,2025-06-01,Rajma Chawal,143,6
1845,2025-06-01,Boiled Veggies,153,11
1846,2025-06-23,Rajma Chawal,117,20
1847,2025-06-23,Sambhar,163,14
1848,2025-06-23,Jeera Rice,120,5
1849,2025-06-19,Veg Biryani,196,-4
1850,2025-06-19,Paneer Butter Masala,139,30
1851,2025-06-19,Boiled Veggies,159,1
1852,2025-06-08,Rajma Chawal,82,22
1853,2025-06-08,Boiled Veggies,92,29
1854,2025-06-08,Sambhar,111,-3
1855,2025-06-24,Paneer Butter Masala,184,8
1856,2025-06-24,Jeera Rice,139,-3
1857,2025-06-24,Veg Biryani,110,3
1858,2025-07-04,Paneer Butter Masala,126,9
1859,2025-07-04,Chole Bhature,126,12
1860,2025-07-04,Veg Biryani,73,27
1861,2025-06-04,Veg Biryani,93,28
1862,2025-06-04,Jeera Rice,173,0
1863,2025-06-04,Boiled Veggies,147,25
1864,2025-07-09,Jeera Rice,135,12
1865,2025-07-09,Chole Bhature,158,-6
1866,2025-07-09,Boiled Veggies,123,1
1867,2025-06-29,Aloo Paratha,143,10
1868,2025-06-29,Sambhar,140,1
1869,2025-06-29,Veg Biryani,101,21
1870,2025-07-03,Aloo Paratha,149,24
1871,2025-07-03,Paneer Butter Masala,142,-1
1872,2025-07-03,Rajma Chawal,96,17
1873,2025-07-12,Jeera Rice,113,5
1874,2025-07-12,Boiled Veggies,156,5
1875,2025-07-12,Chole Bhature,104,30
1876,2025-06-02,Rajma Chawal,97,6
1877,2025-06-02,Jeera Rice,150,-1
1878,2025-06-02,Chole Bhature,119,14
1879,2025-06-28,Sambhar,111,-3
1880,2025-06-28,Chole Bhature,149,26
1881,2025-06-28,Paneer Butter Masala,149,28
1882,2025-07-12,Aloo Paratha,87,22
1883,2025-07-12,Veg Biryani,187,-8
1884,2025-07-12,Rajma Chawal,116,21
1885,2025-06-08,Aloo Paratha,109,16
1886,2025-06-08,Jeera Rice,157,-9
1887,2025-06-08,Veg Biryani,83,27
1888,2025-06-25,Boiled Veggies,206,-6
1889,2025-06-25,Paneer Butter Masala,120,16
1890,2025-06-25,Veg Biryani,104,19
1891,2025-07-01,Boiled Veggies,148,-9
1892,2025-07-01,Jeera Rice,166,1
1893,2025-07-01,Aloo Paratha,173,19
1894,2025-06-25,Chole Bhature,106,9
1895,2025-06-25,Rajma Chawal,168,8
1896,2025-06-25,Jeera Rice,89,19
1897,2025-06-22,Rajma Chawal,186,11
1898,2025-06-22,Jeera Rice,114,13
1899,2025-06-22,Boiled Veggies,146,12
1900,2025-06-04,Aloo Paratha,118,16
1901,2025-06-04,Veg Biryani,116,20
1902,2025-06-04,Rajma Chawal,154,18
1903,2025-06-08,Sambhar,151,28
1904,2025-06-08,Veg Biryani,75,25
1905,2025-06-08,Jeera Rice,136,18
1906,2025-07-07,Boiled Veggies,143,30
1907,2025-07-07,Aloo Paratha,171,28
1908,2025-07-07,Paneer Butter Masala,197,0
1909,2025-06-07,Rajma Chawal,196,-8
1910,2025-06-07,Chole Bhature,178,13
1911,2025-06-07,Jeera Rice,124,-2
1912,2025-07-08,Rajma Chawal,182,13
1913,2025-07-08,Aloo Paratha,161,21
1914,2025-07-08,Sambhar,189,4
1915,2025-06-10,Chole Bhature,135,17
1916,2025-06-10,Veg Biryani,153,3
1917,2025-06-10,Jeera Rice,174,23
1918,2025-07-03,Paneer Butter Masala,107,-2
1919,2025-07-03,Aloo Paratha,113,0
1920,2025-07-03,Rajma Chawal,103,18
1921,2025-07-08,Jeera Rice,140,1
1922,2025-07-08,Veg Biryani,154,-10
1923,2025-07-08,Paneer Butter Masala,136,4
1924,2025-06-24,Veg Biryani,127,-2
1925,2025-06-24,Boiled Veggies,171,-8
1926,2025-06-24,Jeera Rice,186,10
1927,2025-07-01,Aloo Paratha,129,1
1928,2025-07-01,Boiled Veggies,129,0
1929,2025-07-01,Rajma Chawal,186,13
1930,2025-06-20,Veg Biryani,195,-3
1931,2025-06-20,Chole Bhature,157,10
1932,2025-06-20,Sambhar,112,24
1933,2025-06-15,Jeera Rice,160,21
1934,2025-06-15,Sambhar,195,-4
1935,2025-06-15,Rajma Chawal,129,17
1936,2025-06-26,Rajma Chawal,117,-7
1937,2025-06-26,Veg Biryani,138,0
1938,2025-06-26,Sambhar,178,9
1939,2025-06-13,Sambhar,119,21
1940,2025-06-13,Aloo Paratha,142,1
1941,2025-06-13,Paneer Butter Masala,138,-1
1942,2025-07-07,Aloo Paratha,85,25
1943,2025-07-07,Sambhar,81,21
1944,2025-07-07,Chole Bhature,144,0
1945,2025-07-04,Chole Bhature,201,-7
1946,2025-07-04,Paneer Butter Masala,164,6
1947,2025-07-04,Veg Biryani,121,16
1948,2025-06-21,Jeera Rice,167,13
1949,2025-06-21,Sambhar,89,29
1950,2025-06-21,Veg Biryani,158,12
1951,2025-06-26,Rajma Chawal,145,27
1952,2025-06-26,Veg Biryani,181,2
1953,2025-06-26,Chole Bhature,136,15
1954,2025-06-16,Rajma Chawal,112,0
1955,2025-06-16,Sambhar,180,4
1956,2025-06-16,Jeera Rice,199,0
1957,2025-07-06,Boiled Veggies,136,30
1958,2025-07-06,Jeera Rice,124,-10
1959,2025-07-06,Sambhar,118,-4
1960,2025-07-12,Paneer Butter Masala,158,-4
1961,2025-07-12,Sambhar,78,30
1962,2025-07-12,Rajma Chawal,174,1
1963,2025-06-26,Jeera Rice,129,-5
1964,2025-06-26,Paneer Butter Masala,145,20
1965,2025-06-26,Aloo Paratha,179,13
1966,2025-06-21,Boiled Veggies,165,26
1967,2025-06-21,Paneer Butter Masala,121,-5
1968,2025-06-21,Sambhar,137,10
1969,2025-07-10,Jeera Rice,187,13
1970,2025-07-10,Paneer Butter Masala,173,27
1971,2025-07-10,Rajma Chawal,109,24
1972,2025-06-10,Chole Bhature,172,2
1973,2025-06-10,Aloo Paratha,117,10
1974,2025-06-10,Jeera Rice,156,11
1975,2025-06-03,Chole Bhature,181,0
1976,2025-06-03,Boiled Veggies,98,23
1977,2025-06-03,Jeera Rice,185,-8
1978,2025-06-30,Chole Bhature,129,1
1979,2025-06-30,Rajma Chawal,90,28
1980,2025-06-30,Boiled Veggies,115,28
1981,2025-07-07,Boiled Veggies,162,-5
1982,2025-07-07,Jeera Rice,146,28
1983,2025-07-07,Aloo Paratha,92,24
1984,2025-06-18,Jeera Rice,106,19
1985,2025-06-18,Paneer Butter Masala,80,27
1986,2025-06-18,Aloo Paratha,170,-6
1987,2025-07-08,Sambhar,152,-1
1988,2025-07-08,Paneer Butter Masala,122,10
1989,2025-07-08,Aloo Paratha,97,29
1990,2025-07-04,Rajma Chawal,161,0
1991,2025-07-04,Paneer Butter Masala,162,-9
1992,2025-07-04,Boiled Veggies,177,20
1993,2025-06-25,Jeera Rice,159,22
1994,2025-06-25,Aloo Paratha,208,-10
1995,2025-06-25,Boiled Veggies,165,0
1996,2025-06-16,Boiled Veggies,104,18
1997,2025-06-16,Aloo Paratha,114,23
1998,2025-06-16,Rajma Chawal,88,20
1999,2025-06-15,Jeera Rice,115,25
2000,2025-06-15,Veg Biryani,138,5
