menu_id,date,dish_name,planned_servings
1,2025-07-06,Jeera Rice,173
2,2025-07-06,Chole Bhature,153
3,2025-07-06,Aloo Paratha,176
4,2025-06-18,Aloo Paratha,135
5,2025-06-18,Rajma Chawal,133
6,2025-06-18,Jeera Rice,190
7,2025-07-10,Paneer Butter Masala,163
8,2025-07-10,Boiled Veggies,117
9,2025-07-10,Jeera Rice,109
10,2025-06-01,Boiled Veggies,103
11,2025-06-01,Chole Bhature,171
12,2025-06-01,Rajma Chawal,119
13,2025-06-05,Chole Bhature,183
14,2025-06-05,Sambhar,120
15,2025-06-05,Veg Biryani,139
16,2025-06-06,Aloo Paratha,144
17,2025-06-06,Boiled Veggies,169
18,2025-06-06,Veg Biryani,138
19,2025-07-02,Boiled Veggies,126
20,2025-07-02,Paneer Butter Masala,181
21,2025-07-02,Sambhar,154
22,2025-06-09,Jeera Rice,149
23,2025-06-09,Chole Bhature,150
24,2025-06-09,Aloo Paratha,153
25,2025-07-07,Aloo Paratha,128
26,2025-07-07,Paneer Butter Masala,150
27,2025-07-07,Sambhar,175
28,2025-07-10,Aloo Paratha,171
29,2025-07-10,Veg Biryani,199
30,2025-07-10,Jeera Rice,137
31,2025-06-20,Paneer Butter Masala,129
32,2025-06-20,Chole Bhature,143
33,2025-06-20,Rajma Chawal,179
34,2025-06-20,Jeera Rice,113
35,2025-06-20,Paneer Butter Masala,175
36,2025-06-20,Aloo Paratha,112
37,2025-06-04,Jeera Rice,162
38,2025-06-04,Boiled Veggies,187
39,2025-06-04,Rajma Chawal,113
40,2025-07-05,Paneer Butter Masala,125
41,2025-07-05,Jeera Rice,106
42,2025-07-05,Rajma Chawal,145
43,2025-06-26,Sambhar,139
44,2025-06-26,Chole Bhature,184
45,2025-06-26,Aloo Paratha,147
46,2025-07-09,Chole Bhature,120
47,2025-07-09,Rajma Chawal,185
48,2025-07-09,Jeera Rice,104
49,2025-07-09,Jeera Rice,171
50,2025-07-09,Sambhar,159
51,2025-07-09,Aloo Paratha,168
52,2025-06-04,Rajma Chawal,177
53,2025-06-04,Sambhar,175
54,2025-06-04,Jeera Rice,138
55,2025-06-06,Paneer Butter Masala,191
56,2025-06-06,Boiled Veggies,172
57,2025-06-06,Jeera Rice,170
58,2025-06-02,Veg Biryani,194
59,2025-06-02,Rajma Chawal,154
60,2025-06-02,Boiled Veggies,123
61,2025-06-19,Jeera Rice,173
62,2025-06-19,Sambhar,173
63,2025-06-19,Rajma Chawal,106
64,2025-06-18,Veg Biryani,175
65,2025-06-18,Chole Bhature,100
66,2025-06-18,Boiled Veggies,143
67,2025-06-21,Paneer Butter Masala,140
68,2025-06-21,Chole Bhature,103
69,2025-06-21,Sambhar,160
70,2025-07-05,Boiled Veggies,193
71,2025-07-05,Sambhar,174
72,2025-07-05,Chole Bhature,106
73,2025-06-20,Sambhar,150
74,2025-06-20,Rajma Chawal,149
75,2025-06-20,Aloo Paratha,101
76,2025-06-12,Veg Biryani,102
77,2025-06-12,Sambhar,102
78,2025-06-12,Paneer Butter Masala,161
79,2025-07-14,Boiled Veggies,140
80,2025-07-14,Aloo Paratha,190
81,2025-07-14,Sambhar,179
82,2025-06-09,Paneer Butter Masala,136
83,2025-06-09,Sambhar,184
84,2025-06-09,Veg Biryani,175
85,2025-06-09,Veg Biryani,136
86,2025-06-09,Boiled Veggies,101
87,2025-06-09,Chole Bhature,122
88,2025-07-08,Jeera Rice,190
89,2025-07-08,Sambhar,107
90,2025-07-08,Boiled Veggies,122
91,2025-06-30,Chole Bhature,152
92,2025-06-30,Boiled Veggies,158
93,2025-06-30,Rajma Chawal,148
94,2025-06-02,Chole Bhature,123
95,2025-06-02,Paneer Butter Masala,126
96,2025-06-02,Rajma Chawal,105
97,2025-07-11,Chole Bhature,144
98,2025-07-11,Paneer Butter Masala,160
99,2025-07-11,Rajma Chawal,178
100,2025-06-05,Rajma Chawal,126
101,2025-06-05,Paneer Butter Masala,123
102,2025-06-05,Sambhar,137
103,2025-06-02,Veg Biryani,173
104,2025-06-02,Sambhar,141
105,2025-06-02,Rajma Chawal,191
106,2025-06-08,Rajma Chawal,191
107,2025-06-08,Sambhar,177
108,2025-06-08,Chole Bhature,170
109,2025-07-14,Sambhar,135
110,2025-07-14,Chole Bhature,131
111,2025-07-14,Veg Biryani,195
112,2025-07-01,Boiled Veggies,183
113,2025-07-01,Veg Biryani,149
114,2025-07-01,Sambhar,124
115,2025-07-08,Aloo Paratha,182
116,2025-07-08,Veg Biryani,101
117,2025-07-08,Paneer Butter Masala,151
118,2025-06-28,Jeera Rice,120
119,2025-06-28,Paneer Butter Masala,151
120,2025-06-28,Boiled Veggies,188
121,2025-07-13,Veg Biryani,155
122,2025-07-13,Paneer Butter Masala,140
123,2025-07-13,Sambhar,188
124,2025-06-23,Sambhar,161
125,2025-06-23,Rajma Chawal,117
126,2025-06-23,Chole Bhature,131
127,2025-06-16,Boiled Veggies,167
128,2025-06-16,Rajma Chawal,123
129,2025-06-16,Jeera Rice,130
130,2025-06-29,Veg Biryani,100
131,2025-06-29,Paneer Butter Masala,140
132,2025-06-29,Jeera Rice,186
133,2025-06-17,Chole Bhature,131
134,2025-06-17,Paneer Butter Masala,125
135,2025-06-17,Jeera Rice,115
136,2025-06-09,Jeera Rice,193
137,2025-06-09,Aloo Paratha,122
138,2025-06-09,Chole Bhature,114
139,2025-06-18,Veg Biryani,164
140,2025-06-18,Jeera Rice,106
141,2025-06-18,Boiled Veggies,104
142,2025-07-06,Chole Bhature,132
143,2025-07-06,Sambhar,131
144,2025-07-06,Jeera Rice,138
145,2025-06-14,Sambhar,194
146,2025-06-14,Aloo Paratha,172
147,2025-06-14,Jeera Rice,167
148,2025-06-12,Chole Bhature,115
149,2025-06-12,Veg Biryani,199
150,2025-06-12,Paneer Butter Masala,104
151,2025-06-11,Veg Biryani,118
152,2025-06-11,Rajma Chawal,125
153,2025-06-11,Chole Bhature,183
154,2025-06-03,Jeera Rice,136
155,2025-06-03,Rajma Chawal,101
156,2025-06-03,Veg Biryani,171
157,2025-07-10,Chole Bhature,175
158,2025-07-10,Veg Biryani,182
159,2025-07-10,Sambhar,153
160,2025-06-17,Jeera Rice,139
161,2025-06-17,Aloo Paratha,189
162,2025-06-17,Chole Bhature,121
163,2025-06-24,Veg Biryani,124
164,2025-06-24,Boiled Veggies,173
165,2025-06-24,Rajma Chawal,104
166,2025-06-30,Jeera Rice,197
167,2025-06-30,Veg Biryani,109
168,2025-06-30,Chole Bhature,180
169,2025-06-22,Sambhar,135
170,2025-06-22,Veg Biryani,112
171,2025-06-22,Paneer Butter Masala,163
172,2025-06-23,Chole Bhature,109
173,2025-06-23,Paneer Butter Masala,109
174,2025-06-23,Aloo Paratha,171
175,2025-07-07,Aloo Paratha,192
176,2025-07-07,Boiled Veggies,137
177,2025-07-07,Rajma Chawal,179
178,2025-07-08,Sambhar,192
179,2025-07-08,Rajma Chawal,187
180,2025-07-08,Boiled Veggies,175
181,2025-07-14,Aloo Paratha,133
182,2025-07-14,Boiled Veggies,198
183,2025-07-14,Chole Bhature,109
184,2025-06-16,Jeera Rice,100
185,2025-06-16,Rajma Chawal,130
186,2025-06-16,Sambhar,176
187,2025-07-11,Boiled Veggies,181
188,2025-07-11,Sambhar,194
189,2025-07-11,Paneer Butter Masala,143
190,2025-07-03,Aloo Paratha,184
191,2025-07-03,Rajma Chawal,129
192,2025-07-03,Sambhar,158
193,2025-06-17,Jeera Rice,145
194,2025-06-17,Aloo Paratha,117
195,2025-06-17,Chole Bhature,120
196,2025-07-11,Aloo Paratha,194
197,2025-07-11,Chole Bhature,147
198,2025-07-11,Veg Biryani,136
199,2025-07-09,Sambhar,183
200,2025-07-09,Paneer Butter Masala,172
201,2025-07-09,Boiled Veggies,147
202,2025-06-02,Sambhar,101
203,2025-06-02,Jeera Rice,141
204,2025-06-02,Chole Bhature,132
205,2025-07-03,Rajma Chawal,152
206,2025-07-03,Paneer Butter Masala,137
207,2025-07-03,Jeera Rice,172
208,2025-07-06,Jeera Rice,191
209,2025-07-06,Veg Biryani,123
210,2025-07-06,Paneer Butter Masala,146
211,2025-06-08,Veg Biryani,186
212,2025-06-08,Sambhar,136
213,2025-06-08,Aloo Paratha,139
214,2025-07-04,Rajma Chawal,108
215,2025-07-04,Boiled Veggies,154
216,2025-07-04,Veg Biryani,140
217,2025-06-21,Veg Biryani,113
218,2025-06-21,Boiled Veggies,160
219,2025-06-21,Chole Bhature,181
220,2025-07-09,Aloo Paratha,144
221,2025-07-09,Boiled Veggies,143
222,2025-07-09,Jeera Rice,110
223,2025-07-08,Chole Bhature,127
224,2025-07-08,Rajma Chawal,199
225,2025-07-08,Veg Biryani,102
226,2025-07-10,Jeera Rice,167
227,2025-07-10,Aloo Paratha,167
228,2025-07-10,Sambhar,128
229,2025-06-27,Jeera Rice,117
230,2025-06-27,Aloo Paratha,114
231,2025-06-27,Boiled Veggies,102
232,2025-07-05,Sambhar,134
233,2025-07-05,Rajma Chawal,189
234,2025-07-05,Veg Biryani,141
235,2025-06-08,Boiled Veggies,168
236,2025-06-08,Jeera Rice,117
237,2025-06-08,Paneer Butter Masala,111
238,2025-06-30,Paneer Butter Masala,140
239,2025-06-30,Chole Bhature,160
240,2025-06-30,Jeera Rice,197
241,2025-06-12,Veg Biryani,115
242,2025-06-12,Sambhar,184
243,2025-06-12,Paneer Butter Masala,163
244,2025-06-18,Paneer Butter Masala,175
245,2025-06-18,Rajma Chawal,182
246,2025-06-18,Sambhar,106
247,2025-06-26,Boiled Veggies,169
248,2025-06-26,Jeera Rice,151
249,2025-06-26,Chole Bhature,111
250,2025-07-11,Sambhar,105
251,2025-07-11,Chole Bhature,144
252,2025-07-11,Jeera Rice,198
253,2025-06-12,Chole Bhature,182
254,2025-06-12,Paneer Butter Masala,125
255,2025-06-12,Aloo Paratha,184
256,2025-06-16,Boiled Veggies,164
257,2025-06-16,Paneer Butter Masala,145
258,2025-06-16,Sambhar,160
259,2025-07-08,Chole Bhature,186
260,2025-07-08,Boiled Veggies,114
261,2025-07-08,Veg Biryani,172
262,2025-07-12,Sambhar,125
263,2025-07-12,Veg Biryani,191
264,2025-07-12,Jeera Rice,161
265,2025-07-13,Paneer Butter Masala,113
266,2025-07-13,Veg Biryani,107
267,2025-07-13,Aloo Paratha,118
268,2025-06-01,Jeera Rice,147
269,2025-06-01,Sambhar,145
270,2025-06-01,Rajma Chawal,154
271,2025-07-11,Veg Biryani,148
272,2025-07-11,Sambhar,138
273,2025-07-11,Chole Bhature,151
274,2025-06-10,Sambhar,142
275,2025-06-10,Rajma Chawal,133
276,2025-06-10,Aloo Paratha,100
277,2025-06-16,Boiled Veggies,196
278,2025-06-16,Sambhar,189
279,2025-06-16,Chole Bhature,117
280,2025-06-10,Rajma Chawal,153
281,2025-06-10,Veg Biryani,119
282,2025-06-10,Jeera Rice,101
283,2025-07-01,Boiled Veggies,161
284,2025-07-01,Paneer Butter Masala,199
285,2025-07-01,Rajma Chawal,102
286,2025-07-07,Sambhar,184
287,2025-07-07,Jeera Rice,168
288,2025-07-07,Veg Biryani,131
289,2025-06-30,Paneer Butter Masala,184
290,2025-06-30,Sambhar,101
291,2025-06-30,Aloo Paratha,128
292,2025-06-30,Aloo Paratha,133
293,2025-06-30,Sambhar,118
294,2025-06-30,Rajma Chawal,176
295,2025-07-05,Jeera Rice,184
296,2025-07-05,Veg Biryani,180
297,2025-07-05,Sambhar,149
298,2025-06-09,Sambhar,161
299,2025-06-09,Chole Bhature,189
300,2025-06-09,Paneer Butter Masala,148
301,2025-07-11,Paneer Butter Masala,195
302,2025-07-11,Veg Biryani,106
303,2025-07-11,Boiled Veggies,130
304,2025-07-05,Rajma Chawal,148
305,2025-07-05,Paneer Butter Masala,100
306,2025-07-05,Chole Bhature,188
307,2025-07-08,Jeera Rice,109
308,2025-07-08,Rajma Chawal,132
309,2025-07-08,Paneer Butter Masala,178
310,2025-07-13,Jeera Rice,111
311,2025-07-13,Sambhar,147
312,2025-07-13,Boiled Veggies,197
313,2025-06-25,Chole Bhature,164
314,2025-06-25,Rajma Chawal,101
315,2025-06-25,Paneer Butter Masala,196
316,2025-06-16,Veg Biryani,139
317,2025-06-16,Jeera Rice,177
318,2025-06-16,Sambhar,122
319,2025-06-30,Sambhar,133
320,2025-06-30,Chole Bhature,160
321,2025-06-30,Rajma Chawal,119
322,2025-06-03,Chole Bhature,157
323,2025-06-03,Jeera Rice,106
324,2025-06-03,Boiled Veggies,120
325,2025-06-17,Sambhar,129
326,2025-06-17,Boiled Veggies,186
327,2025-06-17,Chole Bhature,179
328,2025-06-01,Sambhar,167
329,2025-06-01,Paneer Butter Masala,151
330,2025-06-01,Rajma Chawal,175
331,2025-06-18,Rajma Chawal,141
332,2025-06-18,Veg Biryani,189
333,2025-06-18,Aloo Paratha,188
334,2025-07-07,Paneer Butter Masala,180
335,2025-07-07,Rajma Chawal,158
336,2025-07-07,Aloo Paratha,107
337,2025-07-04,Veg Biryani,185
338,2025-07-04,Paneer Butter Masala,174
339,2025-07-04,Chole Bhature,110
340,2025-07-12,Aloo Paratha,139
341,2025-07-12,Boiled Veggies,145
342,2025-07-12,Sambhar,109
343,2025-06-28,Jeera Rice,166
344,2025-06-28,Boiled Veggies,170
345,2025-06-28,Sambhar,197
346,2025-06-01,Jeera Rice,153
347,2025-06-01,Chole Bhature,183
348,2025-06-01,Aloo Paratha,157
349,2025-06-18,Veg Biryani,167
350,2025-06-18,Paneer Butter Masala,198
351,2025-06-18,Rajma Chawal,195
352,2025-07-03,Veg Biryani,126
353,2025-07-03,Jeera Rice,105
354,2025-07-03,Sambhar,117
355,2025-06-06,Veg Biryani,195
356,2025-06-06,Boiled Veggies,119
357,2025-06-06,Paneer Butter Masala,137
358,2025-07-13,Boiled Veggies,184
359,2025-07-13,Aloo Paratha,115
360,2025-07-13,Jeera Rice,178
361,2025-07-11,Rajma Chawal,108
362,2025-07-11,Paneer Butter Masala,124
363,2025-07-11,Veg Biryani,140
364,2025-06-25,Aloo Paratha,170
365,2025-06-25,Rajma Chawal,110
366,2025-06-25,Sambhar,118
367,2025-07-04,Chole Bhature,142
368,2025-07-04,Aloo Paratha,185
369,2025-07-04,Boiled Veggies,197
370,2025-06-26,Sambhar,111
371,2025-06-26,Chole Bhature,103
372,2025-06-26,Paneer Butter Masala,148
373,2025-06-06,Rajma Chawal,165
374,2025-06-06,Boiled Veggies,123
375,2025-06-06,Aloo Paratha,112
376,2025-06-10,Aloo Paratha,171
377,2025-06-10,Jeera Rice,152
378,2025-06-10,Boiled Veggies,105
379,2025-06-27,Veg Biryani,140
380,2025-06-27,Aloo Paratha,124
381,2025-06-27,Sambhar,103
382,2025-06-05,Chole Bhature,195
383,2025-06-05,Sambhar,159
384,2025-06-05,Rajma Chawal,141
385,2025-06-04,Jeera Rice,153
386,2025-06-04,Rajma Chawal,116
387,2025-06-04,Aloo Paratha,102
388,2025-06-17,Paneer Butter Masala,141
389,2025-06-17,Aloo Paratha,102
390,2025-06-17,Jeera Rice,125
391,2025-07-03,Jeera Rice,144
392,2025-07-03,Aloo Paratha,196
393,2025-07-03,Veg Biryani,162
394,2025-06-07,Chole Bhature,139
395,2025-06-07,Sambhar,196
396,2025-06-07,Aloo Paratha,183
397,2025-07-08,Chole Bhature,119
398,2025-07-08,Boiled Veggies,110
399,2025-07-08,Paneer Butter Masala,186
400,2025-06-11,Sambhar,145
401,2025-06-11,Veg Biryani,164
402,2025-06-11,Jeera Rice,169
403,2025-07-09,Sambhar,120
404,2025-07-09,Jeera Rice,167
405,2025-07-09,Chole Bhature,144
406,2025-06-26,Rajma Chawal,100
407,2025-06-26,Chole Bhature,183
408,2025-06-26,Paneer Butter Masala,167
409,2025-06-02,Rajma Chawal,179
410,2025-06-02,Sambhar,126
411,2025-06-02,Jeera Rice,167
412,2025-06-09,Rajma Chawal,147
413,2025-06-09,Jeera Rice,153
414,2025-06-09,Aloo Paratha,156
415,2025-06-20,Sambhar,159
416,2025-06-20,Rajma Chawal,169
417,2025-06-20,Boiled Veggies,157
418,2025-06-12,Sambhar,143
419,2025-06-12,Jeera Rice,131
420,2025-06-12,Boiled Veggies,193
421,2025-07-05,Veg Biryani,157
422,2025-07-05,Jeera Rice,198
423,2025-07-05,Boiled Veggies,126
424,2025-06-12,Aloo Paratha,107
425,2025-06-12,Veg Biryani,113
426,2025-06-12,Rajma Chawal,104
427,2025-06-08,Aloo Paratha,194
428,2025-06-08,Sambhar,181
429,2025-06-08,Boiled Veggies,173
430,2025-07-11,Veg Biryani,183
431,2025-07-11,Sambhar,182
432,2025-07-11,Chole Bhature,155
433,2025-07-14,Aloo Paratha,194
434,2025-07-14,Paneer Butter Masala,169
435,2025-07-14,Sambhar,121
436,2025-06-22,Chole Bhature,122
437,2025-06-22,Rajma Chawal,136
438,2025-06-22,Aloo Paratha,165
439,2025-06-27,Sambhar,121
440,2025-06-27,Chole Bhature,158
441,2025-06-27,Boiled Veggies,199
442,2025-07-04,Aloo Paratha,166
443,2025-07-04,Paneer Butter Masala,101
444,2025-07-04,Jeera Rice,134
445,2025-06-19,Rajma Chawal,174
446,2025-06-19,Sambhar,128
447,2025-06-19,Chole Bhature,173
448,2025-06-09,Boiled Veggies,113
449,2025-06-09,Sambhar,167
450,2025-06-09,Chole Bhature,178
451,2025-06-08,Jeera Rice,167
452,2025-06-08,Veg Biryani,168
453,2025-06-08,Chole Bhature,199
454,2025-07-02,Jeera Rice,140
455,2025-07-02,Veg Biryani,126
456,2025-07-02,Paneer Butter Masala,157
457,2025-06-11,Rajma Chawal,118
458,2025-06-11,Aloo Paratha,138
459,2025-06-11,Boiled Veggies,181
460,2025-06-24,Jeera Rice,193
461,2025-06-24,Aloo Paratha,133
462,2025-06-24,Rajma Chawal,151
463,2025-06-28,Sambhar,184
464,2025-06-28,Chole Bhature,193
465,2025-06-28,Boiled Veggies,153
466,2025-06-27,Sambhar,140
467,2025-06-27,Paneer Butter Masala,184
468,2025-06-27,Boiled Veggies,154
469,2025-07-07,Chole Bhature,124
470,2025-07-07,Aloo Paratha,145
471,2025-07-07,Boiled Veggies,179
472,2025-06-15,Boiled Veggies,146
473,2025-06-15,Paneer Butter Masala,129
474,2025-06-15,Chole Bhature,134
475,2025-06-12,Veg Biryani,133
476,2025-06-12,Paneer Butter Masala,140
477,2025-06-12,Aloo Paratha,130
478,2025-06-27,Rajma Chawal,162
479,2025-06-27,Sambhar,153
480,2025-06-27,Chole Bhature,191
481,2025-06-09,Rajma Chawal,127
482,2025-06-09,Chole Bhature,160
483,2025-06-09,Aloo Paratha,184
484,2025-06-28,Rajma Chawal,174
485,2025-06-28,Boiled Veggies,193
486,2025-06-28,Veg Biryani,153
487,2025-06-12,Sambhar,181
488,2025-06-12,Veg Biryani,169
489,2025-06-12,Jeera Rice,116
490,2025-06-04,Sambhar,193
491,2025-06-04,Paneer Butter Masala,125
492,2025-06-04,Jeera Rice,108
493,2025-06-15,Sambhar,169
494,2025-06-15,Paneer Butter Masala,190
495,2025-06-15,Boiled Veggies,178
496,2025-06-19,Veg Biryani,168
497,2025-06-19,Sambhar,100
498,2025-06-19,Jeera Rice,163
499,2025-06-15,Chole Bhature,145
500,2025-06-15,Sambhar,181
501,2025-06-15,Rajma Chawal,191
502,2025-06-07,Aloo Paratha,172
503,2025-06-07,Paneer Butter Masala,129
504,2025-06-07,Rajma Chawal,102
505,2025-06-17,Chole Bhature,144
506,2025-06-17,Sambhar,144
507,2025-06-17,Rajma Chawal,109
508,2025-06-14,Sambhar,122
509,2025-06-14,Chole Bhature,178
510,2025-06-14,Boiled Veggies,120
511,2025-06-29,Rajma Chawal,199
512,2025-06-29,Veg Biryani,191
513,2025-06-29,Boiled Veggies,165
514,2025-06-04,Chole Bhature,107
515,2025-06-04,Aloo Paratha,148
516,2025-06-04,Paneer Butter Masala,160
517,2025-07-12,Sambhar,192
518,2025-07-12,Chole Bhature,137
519,2025-07-12,Veg Biryani,161
520,2025-07-07,Jeera Rice,167
521,2025-07-07,Sambhar,184
522,2025-07-07,Chole Bhature,133
523,2025-06-07,Rajma Chawal,176
524,2025-06-07,Sambhar,121
525,2025-06-07,Paneer Butter Masala,184
526,2025-06-29,Aloo Paratha,101
527,2025-06-29,Veg Biryani,129
528,2025-06-29,Paneer Butter Masala,133
529,2025-06-18,Sambhar,171
530,2025-06-18,Aloo Paratha,193
531,2025-06-18,Jeera Rice,108
532,2025-07-02,Sambhar,180
533,2025-07-02,Rajma Chawal,126
534,2025-07-02,Paneer Butter Masala,127
535,2025-06-22,Aloo Paratha,115
536,2025-06-22,Veg Biryani,145
537,2025-06-22,Jeera Rice,198
538,2025-07-07,Boiled Veggies,144
539,2025-07-07,Aloo Paratha,123
540,2025-07-07,Sambhar,137
541,2025-06-26,Paneer Butter Masala,125
542,2025-06-26,Jeera Rice,177
543,2025-06-26,Rajma Chawal,160
544,2025-06-16,Chole Bhature,183
545,2025-06-16,Rajma Chawal,110
546,2025-06-16,Paneer Butter Masala,122
547,2025-06-16,Sambhar,121
548,2025-06-16,Rajma Chawal,197
549,2025-06-16,Aloo Paratha,171
550,2025-06-15,Sambhar,102
551,2025-06-15,Veg Biryani,180
552,2025-06-15,Jeera Rice,188
553,2025-06-19,Aloo Paratha,162
554,2025-06-19,Jeera Rice,148
555,2025-06-19,Rajma Chawal,102
556,2025-06-06,Veg Biryani,111
557,2025-06-06,Boiled Veggies,197
558,2025-06-06,Jeera Rice,139
559,2025-06-21,Rajma Chawal,138
560,2025-06-21,Veg Biryani,163
561,2025-06-21,Aloo Paratha,165
562,2025-06-21,Boiled Veggies,144
563,2025-06-21,Paneer Butter Masala,110
564,2025-06-21,Aloo Paratha,151
565,2025-06-05,Rajma Chawal,158
566,2025-06-05,Chole Bhature,107
567,2025-06-05,Sambhar,128
568,2025-06-10,Chole Bhature,141
569,2025-06-10,Paneer Butter Masala,165
570,2025-06-10,Jeera Rice,138
571,2025-06-19,Chole Bhature,180
572,2025-06-19,Rajma Chawal,110
573,2025-06-19,Sambhar,171
574,2025-06-07,Rajma Chawal,147
575,2025-06-07,Boiled Veggies,176
576,2025-06-07,Jeera Rice,135
577,2025-06-22,Sambhar,198
578,2025-06-22,Rajma Chawal,121
579,2025-06-22,Jeera Rice,187
580,2025-06-24,Rajma Chawal,147
581,2025-06-24,Boiled Veggies,168
582,2025-06-24,Aloo Paratha,104
583,2025-06-29,Chole Bhature,125
584,2025-06-29,Sambhar,159
585,2025-06-29,Jeera Rice,118
586,2025-06-17,Jeera Rice,108
587,2025-06-17,Chole Bhature,169
588,2025-06-17,Rajma Chawal,175
589,2025-06-18,Sambhar,185
590,2025-06-18,Aloo Paratha,143
591,2025-06-18,Rajma Chawal,178
592,2025-06-09,Veg Biryani,121
593,2025-06-09,Boiled Veggies,104
594,2025-06-09,Paneer Butter Masala,102
595,2025-06-28,Paneer Butter Masala,198
596,2025-06-28,Sambhar,164
597,2025-06-28,Jeera Rice,122
598,2025-06-23,Paneer Butter Masala,134
599,2025-06-23,Aloo Paratha,144
600,2025-06-23,Sambhar,107
601,2025-06-08,Aloo Paratha,198
602,2025-06-08,Paneer Butter Masala,194
603,2025-06-08,Sambhar,138
604,2025-06-29,Rajma Chawal,175
605,2025-06-29,Veg Biryani,153
606,2025-06-29,Sambhar,164
607,2025-06-14,Aloo Paratha,123
608,2025-06-14,Paneer Butter Masala,182
609,2025-06-14,Sambhar,143
610,2025-07-04,Aloo Paratha,138
611,2025-07-04,Jeera Rice,150
612,2025-07-04,Sambhar,117
613,2025-06-14,Sambhar,155
614,2025-06-14,Aloo Paratha,112
615,2025-06-14,Chole Bhature,179
616,2025-07-10,Aloo Paratha,187
617,2025-07-10,Chole Bhature,165
618,2025-07-10,Sambhar,198
619,2025-06-24,Jeera Rice,159
620,2025-06-24,Paneer Butter Masala,173
621,2025-06-24,Chole Bhature,106
622,2025-06-22,Boiled Veggies,143
623,2025-06-22,Aloo Paratha,198
624,2025-06-22,Rajma Chawal,165
625,2025-07-01,Aloo Paratha,178
626,2025-07-01,Rajma Chawal,178
627,2025-07-01,Paneer Butter Masala,173
628,2025-06-16,Rajma Chawal,105
629,2025-06-16,Sambhar,127
630,2025-06-16,Paneer Butter Masala,103
631,2025-06-02,Jeera Rice,154
632,2025-06-02,Aloo Paratha,111
633,2025-06-02,Chole Bhature,104
634,2025-06-08,Jeera Rice,195
635,2025-06-08,Veg Biryani,166
636,2025-06-08,Sambhar,182
637,2025-07-03,Chole Bhature,188
638,2025-07-03,Paneer Butter Masala,134
639,2025-07-03,Sambhar,103
640,2025-06-15,Jeera Rice,131
641,2025-06-15,Sambhar,121
642,2025-06-15,Aloo Paratha,108
643,2025-06-08,Chole Bhature,142
644,2025-06-08,Paneer Butter Masala,119
645,2025-06-08,Sambhar,183
646,2025-06-29,Paneer Butter Masala,164
647,2025-06-29,Aloo Paratha,174
648,2025-06-29,Chole Bhature,114
649,2025-07-08,Jeera Rice,125
650,2025-07-08,Chole Bhature,174
651,2025-07-08,Aloo Paratha,104
652,2025-07-04,Veg Biryani,167
653,2025-07-04,Sambhar,199
654,2025-07-04,Boiled Veggies,117
655,2025-07-02,Jeera Rice,161
656,2025-07-02,Sambhar,154
657,2025-07-02,Rajma Chawal,138
658,2025-06-28,Paneer Butter Masala,180
659,2025-06-28,Chole Bhature,126
660,2025-06-28,Veg Biryani,122
661,2025-07-10,Sambhar,132
662,2025-07-10,Veg Biryani,116
663,2025-07-10,Paneer Butter Masala,143
664,2025-06-14,Paneer Butter Masala,131
665,2025-06-14,Sambhar,167
666,2025-06-14,Veg Biryani,167
667,2025-06-10,Jeera Rice,151
668,2025-06-10,Veg Biryani,124
669,2025-06-10,Sambhar,113
670,2025-06-02,Boiled Veggies,129
671,2025-06-02,Aloo Paratha,197
672,2025-06-02,Sambhar,189
673,2025-06-22,Boiled Veggies,195
674,2025-06-22,Rajma Chawal,179
675,2025-06-22,Paneer Butter Masala,111
676,2025-06-05,Sambhar,132
677,2025-06-05,Jeera Rice,158
678,2025-06-05,Chole Bhature,165
679,2025-06-28,Rajma Chawal,190
680,2025-06-28,Jeera Rice,179
681,2025-06-28,Chole Bhature,119
682,2025-06-07,Rajma Chawal,103
683,2025-06-07,Veg Biryani,170
684,2025-06-07,Chole Bhature,100
685,2025-06-30,Boiled Veggies,117
686,2025-06-30,Veg Biryani,114
687,2025-06-30,Jeera Rice,166
688,2025-06-11,Paneer Butter Masala,144
689,2025-06-11,Chole Bhature,140
690,2025-06-11,Veg Biryani,113
691,2025-06-27,Chole Bhature,115
692,2025-06-27,Veg Biryani,138
693,2025-06-27,Sambhar,166
694,2025-07-04,Veg Biryani,180
695,2025-07-04,Boiled Veggies,105
696,2025-07-04,Sambhar,121
697,2025-07-13,Sambhar,167
698,2025-07-13,Aloo Paratha,182
699,2025-07-13,Veg Biryani,166
700,2025-06-07,Aloo Paratha,123
701,2025-06-07,Veg Biryani,143
702,2025-06-07,Sambhar,197
703,2025-06-26,Paneer Butter Masala,148
704,2025-06-26,Veg Biryani,168
705,2025-06-26,Sambhar,192
706,2025-06-25,Aloo Paratha,100
707,2025-06-25,Boiled Veggies,183
708,2025-06-25,Veg Biryani,196
709,2025-07-11,Rajma Chawal,103
710,2025-07-11,Boiled Veggies,167
711,2025-07-11,Sambhar,143
712,2025-07-10,Boiled Veggies,113
713,2025-07-10,Veg Biryani,124
714,2025-07-10,Paneer Butter Masala,101
715,2025-06-14,Boiled Veggies,170
716,2025-06-14,Sambhar,120
717,2025-06-14,Veg Biryani,164
718,2025-07-03,Veg Biryani,124
719,2025-07-03,Jeera Rice,181
720,2025-07-03,Boiled Veggies,121
721,2025-06-21,Boiled Veggies,189
722,2025-06-21,Jeera Rice,128
723,2025-06-21,Aloo Paratha,143
724,2025-06-20,Jeera Rice,155
725,2025-06-20,Chole Bhature,144
726,2025-06-20,Rajma Chawal,175
727,2025-07-12,Veg Biryani,115
728,2025-07-12,Boiled Veggies,166
729,2025-07-12,Chole Bhature,143
730,2025-07-01,Chole Bhature,141
731,2025-07-01,Boiled Veggies,171
732,2025-07-01,Rajma Chawal,127
733,2025-06-13,Rajma Chawal,198
734,2025-06-13,Veg Biryani,107
735,2025-06-13,Paneer Butter Masala,187
736,2025-07-02,Veg Biryani,167
737,2025-07-02,Sambhar,128
738,2025-07-02,Rajma Chawal,137
739,2025-07-09,Jeera Rice,108
740,2025-07-09,Chole Bhature,137
741,2025-07-09,Boiled Veggies,105
742,2025-06-30,Veg Biryani,188
743,2025-06-30,Chole Bhature,143
744,2025-06-30,Boiled Veggies,158
745,2025-06-16,Veg Biryani,153
746,2025-06-16,Boiled Veggies,129
747,2025-06-16,Paneer Butter Masala,173
748,2025-07-14,Paneer Butter Masala,200
749,2025-07-14,Rajma Chawal,108
750,2025-07-14,Chole Bhature,132
751,2025-06-09,Sambhar,180
752,2025-06-09,Paneer Butter Masala,149
753,2025-06-09,Chole Bhature,163
754,2025-06-14,Rajma Chawal,132
755,2025-06-14,Jeera Rice,146
756,2025-06-14,Boiled Veggies,106
757,2025-06-08,Rajma Chawal,172
758,2025-06-08,Jeera Rice,148
759,2025-06-08,Aloo Paratha,199
760,2025-06-23,Veg Biryani,165
761,2025-06-23,Boiled Veggies,129
762,2025-06-23,Paneer Butter Masala,116
763,2025-07-03,Jeera Rice,155
764,2025-07-03,Boiled Veggies,108
765,2025-07-03,Rajma Chawal,113
766,2025-07-07,Paneer Butter Masala,122
767,2025-07-07,Sambhar,100
768,2025-07-07,Chole Bhature,116
769,2025-06-16,Rajma Chawal,168
770,2025-06-16,Paneer Butter Masala,127
771,2025-06-16,Boiled Veggies,176
772,2025-06-19,Paneer Butter Masala,154
773,2025-06-19,Aloo Paratha,137
774,2025-06-19,Boiled Veggies,138
775,2025-07-07,Boiled Veggies,187
776,2025-07-07,Jeera Rice,194
777,2025-07-07,Veg Biryani,129
778,2025-06-15,Veg Biryani,115
779,2025-06-15,Aloo Paratha,148
780,2025-06-15,Jeera Rice,172
781,2025-06-25,Veg Biryani,162
782,2025-06-25,Aloo Paratha,148
783,2025-06-25,Jeera Rice,132
784,2025-06-14,Paneer Butter Masala,172
785,2025-06-14,Jeera Rice,192
786,2025-06-14,Rajma Chawal,145
787,2025-06-15,Paneer Butter Masala,108
788,2025-06-15,Sambhar,190
789,2025-06-15,Jeera Rice,170
790,2025-07-04,Boiled Veggies,199
791,2025-07-04,Sambhar,167
792,2025-07-04,Veg Biryani,136
793,2025-06-16,Rajma Chawal,112
794,2025-06-16,Boiled Veggies,193
795,2025-06-16,Aloo Paratha,101
796,2025-06-23,Jeera Rice,102
797,2025-06-23,Boiled Veggies,196
798,2025-06-23,Rajma Chawal,117
799,2025-06-26,Paneer Butter Masala,123
800,2025-06-26,Boiled Veggies,137
801,2025-06-26,Aloo Paratha,125
802,2025-06-30,Boiled Veggies,104
803,2025-06-30,Veg Biryani,145
804,2025-06-30,Sambhar,172
805,2025-07-13,Chole Bhature,123
806,2025-07-13,Veg Biryani,156
807,2025-07-13,Boiled Veggies,146
808,2025-06-10,Veg Biryani,183
809,2025-06-10,Paneer Butter Masala,191
810,2025-06-10,Jeera Rice,114
811,2025-06-15,Veg Biryani,174
812,2025-06-15,Boiled Veggies,170
813,2025-06-15,Paneer Butter Masala,193
814,2025-06-28,Chole Bhature,157
815,2025-06-28,Sambhar,190
816,2025-06-28,Veg Biryani,114
817,2025-07-14,Jeera Rice,147
818,2025-07-14,Rajma Chawal,139
819,2025-07-14,Chole Bhature,179
820,2025-06-03,Aloo Paratha,147
821,2025-06-03,Sambhar,158
822,2025-06-03,Boiled Veggies,144
823,2025-06-07,Jeera Rice,183
824,2025-06-07,Chole Bhature,172
825,2025-06-07,Veg Biryani,127
826,2025-06-27,Sambhar,100
827,2025-06-27,Aloo Paratha,179
828,2025-06-27,Chole Bhature,164
829,2025-07-01,Rajma Chawal,133
830,2025-07-01,Paneer Butter Masala,140
831,2025-07-01,Aloo Paratha,121
832,2025-06-30,Chole Bhature,105
833,2025-06-30,Sambhar,198
834,2025-06-30,Jeera Rice,160
835,2025-06-22,Veg Biryani,174
836,2025-06-22,Paneer Butter Masala,194
837,2025-06-22,Jeera Rice,117
838,2025-06-20,Paneer Butter Masala,173
839,2025-06-20,Chole Bhature,181
840,2025-06-20,Sambhar,130
841,2025-06-07,Jeera Rice,123
842,2025-06-07,Veg Biryani,148
843,2025-06-07,Paneer Butter Masala,125
844,2025-06-26,Chole Bhature,110
845,2025-06-26,Veg Biryani,174
846,2025-06-26,Rajma Chawal,140
847,2025-07-07,Boiled Veggies,196
848,2025-07-07,Jeera Rice,118
849,2025-07-07,Rajma Chawal,176
850,2025-07-04,Sambhar,196
851,2025-07-04,Boiled Veggies,123
852,2025-07-04,Veg Biryani,128
853,2025-06-02,Veg Biryani,121
854,2025-06-02,Sambhar,185
855,2025-06-02,Boiled Veggies,155
856,2025-06-06,Boiled Veggies,153
857,2025-06-06,Jeera Rice,196
858,2025-06-06,Aloo Paratha,194
859,2025-06-27,Jeera Rice,123
860,2025-06-27,Veg Biryani,183
861,2025-06-27,Paneer Butter Masala,118
862,2025-07-01,Veg Biryani,146
863,2025-07-01,Boiled Veggies,172
864,2025-07-01,Sambhar,124
865,2025-06-06,Chole Bhature,144
866,2025-06-06,Veg Biryani,124
867,2025-06-06,Jeera Rice,127
868,2025-06-03,Sambhar,106
869,2025-06-03,Boiled Veggies,184
870,2025-06-03,Veg Biryani,186
871,2025-07-06,Aloo Paratha,125
872,2025-07-06,Rajma Chawal,174
873,2025-07-06,Boiled Veggies,112
874,2025-06-02,Boiled Veggies,134
875,2025-06-02,Aloo Paratha,175
876,2025-06-02,Paneer Butter Masala,144
877,2025-07-02,Sambhar,163
878,2025-07-02,Jeera Rice,194
879,2025-07-02,Veg Biryani,118
880,2025-06-22,Paneer Butter Masala,184
881,2025-06-22,Veg Biryani,142
882,2025-06-22,Rajma Chawal,114
883,2025-06-21,Boiled Veggies,162
884,2025-06-21,Rajma Chawal,180
885,2025-06-21,Sambhar,106
886,2025-06-27,Veg Biryani,191
887,2025-06-27,Rajma Chawal,183
888,2025-06-27,Aloo Paratha,199
889,2025-07-13,Paneer Butter Masala,108
890,2025-07-13,Chole Bhature,153
891,2025-07-13,Sambhar,170
892,2025-06-08,Veg Biryani,160
893,2025-06-08,Boiled Veggies,186
894,2025-06-08,Sambhar,142
895,2025-06-02,Rajma Chawal,174
896,2025-06-02,Sambhar,105
897,2025-06-02,Boiled Veggies,158
898,2025-06-23,Chole Bhature,106
899,2025-06-23,Paneer Butter Masala,149
900,2025-06-23,Rajma Chawal,191
901,2025-06-12,Chole Bhature,128
902,2025-06-12,Veg Biryani,190
903,2025-06-12,Sambhar,111
904,2025-06-28,Paneer Butter Masala,173
905,2025-06-28,Chole Bhature,131
906,2025-06-28,Sambhar,153
907,2025-06-27,Jeera Rice,129
908,2025-06-27,Sambhar,188
909,2025-06-27,Veg Biryani,195
910,2025-06-20,Jeera Rice,165
911,2025-06-20,Boiled Veggies,176
912,2025-06-20,Chole Bhature,197
913,2025-06-08,Veg Biryani,121
914,2025-06-08,Aloo Paratha,161
915,2025-06-08,Chole Bhature,186
916,2025-06-09,Jeera Rice,188
917,2025-06-09,Paneer Butter Masala,102
918,2025-06-09,Sambhar,176
919,2025-06-22,Boiled Veggies,137
920,2025-06-22,Jeera Rice,183
921,2025-06-22,Rajma Chawal,194
922,2025-07-03,Rajma Chawal,176
923,2025-07-03,Chole Bhature,193
924,2025-07-03,Paneer Butter Masala,156
925,2025-06-21,Paneer Butter Masala,127
926,2025-06-21,Aloo Paratha,155
927,2025-06-21,Rajma Chawal,121
928,2025-07-03,Jeera Rice,189
929,2025-07-03,Sambhar,164
930,2025-07-03,Aloo Paratha,124
931,2025-06-12,Aloo Paratha,181
932,2025-06-12,Boiled Veggies,137
933,2025-06-12,Veg Biryani,179
934,2025-06-28,Paneer Butter Masala,122
935,2025-06-28,Rajma Chawal,149
936,2025-06-28,Boiled Veggies,152
937,2025-07-14,Rajma Chawal,155
938,2025-07-14,Paneer Butter Masala,173
939,2025-07-14,Chole Bhature,175
940,2025-06-27,Sambhar,151
941,2025-06-27,Rajma Chawal,129
942,2025-06-27,Chole Bhature,147
943,2025-06-28,Aloo Paratha,175
944,2025-06-28,Veg Biryani,108
945,2025-06-28,Chole Bhature,196
946,2025-06-02,Paneer Butter Masala,132
947,2025-06-02,Rajma Chawal,195
948,2025-06-02,Veg Biryani,182
949,2025-07-07,Jeera Rice,108
950,2025-07-07,Aloo Paratha,124
951,2025-07-07,Boiled Veggies,121
952,2025-07-14,Veg Biryani,165
953,2025-07-14,Chole Bhature,136
954,2025-07-14,Paneer Butter Masala,100
955,2025-06-30,Aloo Paratha,179
956,2025-06-30,Jeera Rice,110
957,2025-06-30,Rajma Chawal,190
958,2025-06-07,Paneer Butter Masala,107
959,2025-06-07,Rajma Chawal,129
960,2025-06-07,Jeera Rice,151
961,2025-06-27,Sambhar,175
962,2025-06-27,Rajma Chawal,110
963,2025-06-27,Chole Bhature,168
964,2025-06-18,Veg Biryani,120
965,2025-06-18,Jeera Rice,116
966,2025-06-18,Boiled Veggies,151
967,2025-06-20,Jeera Rice,183
968,2025-06-20,Sambhar,119
969,2025-06-20,Boiled Veggies,159
970,2025-06-12,Paneer Butter Masala,141
971,2025-06-12,Veg Biryani,180
972,2025-06-12,Chole Bhature,163
973,2025-06-01,Rajma Chawal,146
974,2025-06-01,Boiled Veggies,145
975,2025-06-01,Veg Biryani,198
976,2025-06-20,Boiled Veggies,153
977,2025-06-20,Jeera Rice,153
978,2025-06-20,Chole Bhature,120
979,2025-07-07,Jeera Rice,112
980,2025-07-07,Aloo Paratha,100
981,2025-07-07,Sambhar,100
982,2025-06-09,Chole Bhature,162
983,2025-06-09,Boiled Veggies,157
984,2025-06-09,Paneer Butter Masala,177
985,2025-06-27,Boiled Veggies,137
986,2025-06-27,Rajma Chawal,179
987,2025-06-27,Veg Biryani,163
988,2025-06-18,Chole Bhature,192
989,2025-06-18,Jeera Rice,115
990,2025-06-18,Paneer Butter Masala,150
991,2025-06-26,Paneer Butter Masala,141
992,2025-06-26,Rajma Chawal,160
993,2025-06-26,Aloo Paratha,157
994,2025-06-09,Jeera Rice,115
995,2025-06-09,Paneer Butter Masala,139
996,2025-06-09,Veg Biryani,153
997,2025-06-29,Jeera Rice,133
998,2025-06-29,Chole Bhature,132
999,2025-06-29,Rajma Chawal,178
1000,2025-06-30,Veg Biryani,133
1001,2025-06-30,Aloo Paratha,171
1002,2025-06-30,Rajma Chawal,188
1003,2025-07-12,Boiled Veggies,114
1004,2025-07-12,Paneer Butter Masala,105
1005,2025-07-12,Jeera Rice,192
1006,2025-06-13,Aloo Paratha,112
1007,2025-06-13,Chole Bhature,181
1008,2025-06-13,Paneer Butter Masala,191
1009,2025-07-04,Veg Biryani,174
1010,2025-07-04,Rajma Chawal,110
1011,2025-07-04,Paneer Butter Masala,123
1012,2025-06-11,Veg Biryani,197
1013,2025-06-11,Jeera Rice,117
1014,2025-06-11,Boiled Veggies,128
1015,2025-07-04,Boiled Veggies,102
1016,2025-07-04,Veg Biryani,195
1017,2025-07-04,Jeera Rice,194
1018,2025-07-10,Chole Bhature,167
1019,2025-07-10,Paneer Butter Masala,160
1020,2025-07-10,Boiled Veggies,193
1021,2025-07-13,Sambhar,110
1022,2025-07-13,Rajma Chawal,113
1023,2025-07-13,Veg Biryani,117
1024,2025-07-01,Paneer Butter Masala,193
1025,2025-07-01,Sambhar,177
1026,2025-07-01,Rajma Chawal,147
1027,2025-07-02,Rajma Chawal,185
1028,2025-07-02,Aloo Paratha,139
1029,2025-07-02,Chole Bhature,128
1030,2025-06-10,Rajma Chawal,198
1031,2025-06-10,Paneer Butter Masala,162
1032,2025-06-10,Boiled Veggies,166
1033,2025-07-12,Sambhar,192
1034,2025-07-12,Chole Bhature,164
1035,2025-07-12,Veg Biryani,149
1036,2025-06-22,Boiled Veggies,177
1037,2025-06-22,Jeera Rice,160
1038,2025-06-22,Veg Biryani,150
1039,2025-06-17,Veg Biryani,142
1040,2025-06-17,Sambhar,199
1041,2025-06-17,Jeera Rice,173
1042,2025-06-03,Paneer Butter Masala,131
1043,2025-06-03,Sambhar,115
1044,2025-06-03,Rajma Chawal,183
1045,2025-07-11,Aloo Paratha,157
1046,2025-07-11,Paneer Butter Masala,166
1047,2025-07-11,Chole Bhature,154
1048,2025-07-13,Veg Biryani,168
1049,2025-07-13,Chole Bhature,136
1050,2025-07-13,Sambhar,176
1051,2025-06-12,Paneer Butter Masala,123
1052,2025-06-12,Jeera Rice,147
1053,2025-06-12,Sambhar,136
1054,2025-07-01,Boiled Veggies,137
1055,2025-07-01,Aloo Paratha,137
1056,2025-07-01,Rajma Chawal,115
1057,2025-06-21,Chole Bhature,184
1058,2025-06-21,Boiled Veggies,138
1059,2025-06-21,Paneer Butter Masala,122
1060,2025-06-16,Boiled Veggies,177
1061,2025-06-16,Aloo Paratha,173
1062,2025-06-16,Veg Biryani,187
1063,2025-06-10,Veg Biryani,113
1064,2025-06-10,Paneer Butter Masala,156
1065,2025-06-10,Aloo Paratha,104
1066,2025-06-08,Veg Biryani,186
1067,2025-06-08,Chole Bhature,153
1068,2025-06-08,Jeera Rice,164
1069,2025-06-07,Sambhar,120
1070,2025-06-07,Chole Bhature,193
1071,2025-06-07,Veg Biryani,159
1072,2025-07-02,Veg Biryani,184
1073,2025-07-02,Boiled Veggies,113
1074,2025-07-02,Sambhar,119
1075,2025-06-03,Paneer Butter Masala,160
1076,2025-06-03,Aloo Paratha,146
1077,2025-06-03,Jeera Rice,196
1078,2025-06-08,Paneer Butter Masala,186
1079,2025-06-08,Jeera Rice,182
1080,2025-06-08,Sambhar,133
1081,2025-06-02,Veg Biryani,146
1082,2025-06-02,Rajma Chawal,129
1083,2025-06-02,Sambhar,183
1084,2025-07-02,Aloo Paratha,117
1085,2025-07-02,Veg Biryani,150
1086,2025-07-02,Boiled Veggies,196
1087,2025-06-21,Aloo Paratha,159
1088,2025-06-21,Sambhar,179
1089,2025-06-21,Jeera Rice,111
1090,2025-06-01,Veg Biryani,178
1091,2025-06-01,Rajma Chawal,154
1092,2025-06-01,Jeera Rice,153
1093,2025-07-11,Paneer Butter Masala,168
1094,2025-07-11,Aloo Paratha,165
1095,2025-07-11,Boiled Veggies,180
1096,2025-06-16,Aloo Paratha,187
1097,2025-06-16,Chole Bhature,138
1098,2025-06-16,Paneer Butter Masala,126
1099,2025-06-20,Paneer Butter Masala,178
1100,2025-06-20,Sambhar,138
1101,2025-06-20,Chole Bhature,126
1102,2025-06-17,Rajma Chawal,106
1103,2025-06-17,Boiled Veggies,126
1104,2025-06-17,Aloo Paratha,170
1105,2025-07-03,Chole Bhature,148
1106,2025-07-03,Jeera Rice,118
1107,2025-07-03,Veg Biryani,195
1108,2025-07-04,Sambhar,133
1109,2025-07-04,Aloo Paratha,153
1110,2025-07-04,Boiled Veggies,181
1111,2025-07-12,Sambhar,152
1112,2025-07-12,Aloo Paratha,168
1113,2025-07-12,Chole Bhature,184
1114,2025-07-07,Rajma Chawal,177
1115,2025-07-07,Sambhar,161
1116,2025-07-07,Chole Bhature,114
1117,2025-07-02,Jeera Rice,154
1118,2025-07-02,Rajma Chawal,187
1119,2025-07-02,Sambhar,174
1120,2025-06-19,Boiled Veggies,167
1121,2025-06-19,Chole Bhature,199
1122,2025-06-19,Jeera Rice,117
1123,2025-06-05,Aloo Paratha,154
1124,2025-06-05,Boiled Veggies,115
1125,2025-06-05,Paneer Butter Masala,117
1126,2025-06-15,Sambhar,100
1127,2025-06-15,Paneer Butter Masala,134
1128,2025-06-15,Boiled Veggies,144
1129,2025-06-26,Paneer Butter Masala,189
1130,2025-06-26,Rajma Chawal,184
1131,2025-06-26,Veg Biryani,105
1132,2025-07-10,Jeera Rice,138
1133,2025-07-10,Boiled Veggies,192
1134,2025-07-10,Sambhar,106
1135,2025-07-13,Veg Biryani,198
1136,2025-07-13,Boiled Veggies,150
1137,2025-07-13,Rajma Chawal,168
1138,2025-06-20,Chole Bhature,175
1139,2025-06-20,Veg Biryani,197
1140,2025-06-20,Aloo Paratha,143
1141,2025-07-07,Sambhar,146
1142,2025-07-07,Chole Bhature,156
1143,2025-07-07,Jeera Rice,105
1144,2025-06-15,Paneer Butter Masala,172
1145,2025-06-15,Aloo Paratha,135
1146,2025-06-15,Chole Bhature,107
1147,2025-06-18,Boiled Veggies,196
1148,2025-06-18,Aloo Paratha,129
1149,2025-06-18,Veg Biryani,102
1150,2025-06-12,Rajma Chawal,199
1151,2025-06-12,Aloo Paratha,195
1152,2025-06-12,Veg Biryani,186
1153,2025-06-06,Sambhar,116
1154,2025-06-06,Aloo Paratha,108
1155,2025-06-06,Jeera Rice,174
1156,2025-06-03,Rajma Chawal,154
1157,2025-06-03,Jeera Rice,113
1158,2025-06-03,Sambhar,198
1159,2025-06-12,Rajma Chawal,182
1160,2025-06-12,Boiled Veggies,145
1161,2025-06-12,Sambhar,154
1162,2025-07-12,Veg Biryani,141
1163,2025-07-12,Aloo Paratha,124
1164,2025-07-12,Chole Bhature,169
1165,2025-06-15,Paneer Butter Masala,149
1166,2025-06-15,Boiled Veggies,107
1167,2025-06-15,Rajma Chawal,157
1168,2025-06-27,Jeera Rice,172
1169,2025-06-27,Veg Biryani,197
1170,2025-06-27,Boiled Veggies,166
1171,2025-06-09,Rajma Chawal,183
1172,2025-06-09,Sambhar,111
1173,2025-06-09,Aloo Paratha,165
1174,2025-06-13,Veg Biryani,140
1175,2025-06-13,Jeera Rice,138
1176,2025-06-13,Aloo Paratha,164
1177,2025-06-18,Rajma Chawal,151
1178,2025-06-18,Aloo Paratha,148
1179,2025-06-18,Jeera Rice,199
1180,2025-06-05,Rajma Chawal,131
1181,2025-06-05,Paneer Butter Masala,149
1182,2025-06-05,Veg Biryani,122
1183,2025-06-01,Aloo Paratha,126
1184,2025-06-01,Rajma Chawal,121
1185,2025-06-01,Chole Bhature,130
1186,2025-07-03,Rajma Chawal,193
1187,2025-07-03,Aloo Paratha,155
1188,2025-07-03,Jeera Rice,158
1189,2025-06-01,Veg Biryani,165
1190,2025-06-01,Boiled Veggies,149
1191,2025-06-01,Chole Bhature,179
1192,2025-06-30,Jeera Rice,194
1193,2025-06-30,Veg Biryani,165
1194,2025-06-30,Chole Bhature,134
1195,2025-07-11,Sambhar,169
1196,2025-07-11,Veg Biryani,139
1197,2025-07-11,Chole Bhature,121
1198,2025-06-04,Jeera Rice,117
1199,2025-06-04,Sambhar,175
1200,2025-06-04,Boiled Veggies,121
1201,2025-06-03,Paneer Butter Masala,100
1202,2025-06-03,Jeera Rice,184
1203,2025-06-03,Chole Bhature,157
1204,2025-07-07,Boiled Veggies,145
1205,2025-07-07,Jeera Rice,167
1206,2025-07-07,Paneer Butter Masala,128
1207,2025-06-01,Veg Biryani,109
1208,2025-06-01,Rajma Chawal,167
1209,2025-06-01,Paneer Butter Masala,138
1210,2025-06-08,Rajma Chawal,185
1211,2025-06-08,Jeera Rice,121
1212,2025-06-08,Sambhar,200
1213,2025-07-13,Chole Bhature,106
1214,2025-07-13,Paneer Butter Masala,113
1215,2025-07-13,Sambhar,175
1216,2025-06-14,Chole Bhature,149
1217,2025-06-14,Boiled Veggies,137
1218,2025-06-14,Rajma Chawal,196
1219,2025-06-03,Veg Biryani,182
1220,2025-06-03,Chole Bhature,152
1221,2025-06-03,Rajma Chawal,199
1222,2025-07-13,Jeera Rice,105
1223,2025-07-13,Aloo Paratha,148
1224,2025-07-13,Boiled Veggies,139
1225,2025-06-30,Chole Bhature,165
1226,2025-06-30,Boiled Veggies,156
1227,2025-06-30,Rajma Chawal,121
1228,2025-06-05,Rajma Chawal,178
1229,2025-06-05,Jeera Rice,115
1230,2025-06-05,Chole Bhature,142
1231,2025-06-09,Aloo Paratha,145
1232,2025-06-09,Veg Biryani,166
1233,2025-06-09,Jeera Rice,161
1234,2025-06-19,Rajma Chawal,117
1235,2025-06-19,Chole Bhature,121
1236,2025-06-19,Aloo Paratha,125
1237,2025-06-09,Chole Bhature,154
1238,2025-06-09,Sambhar,112
1239,2025-06-09,Paneer Butter Masala,183
1240,2025-07-04,Rajma Chawal,137
1241,2025-07-04,Paneer Butter Masala,105
1242,2025-07-04,Boiled Veggies,182
1243,2025-06-02,Veg Biryani,154
1244,2025-06-02,Rajma Chawal,177
1245,2025-06-02,Jeera Rice,182
1246,2025-07-05,Rajma Chawal,193
1247,2025-07-05,Chole Bhature,135
1248,2025-07-05,Jeera Rice,169
1249,2025-06-04,Boiled Veggies,156
1250,2025-06-04,Veg Biryani,104
1251,2025-06-04,Chole Bhature,143
1252,2025-06-02,Aloo Paratha,192
1253,2025-06-02,Veg Biryani,147
1254,2025-06-02,Paneer Butter Masala,159
1255,2025-07-10,Sambhar,150
1256,2025-07-10,Paneer Butter Masala,115
1257,2025-07-10,Chole Bhature,105
1258,2025-06-04,Jeera Rice,188
1259,2025-06-04,Sambhar,167
1260,2025-06-04,Veg Biryani,186
1261,2025-07-03,Jeera Rice,187
1262,2025-07-03,Paneer Butter Masala,159
1263,2025-07-03,Aloo Paratha,164
1264,2025-07-03,Veg Biryani,105
1265,2025-07-03,Chole Bhature,176
1266,2025-07-03,Sambhar,199
1267,2025-06-25,Jeera Rice,104
1268,2025-06-25,Chole Bhature,132
1269,2025-06-25,Veg Biryani,105
1270,2025-06-05,Jeera Rice,144
1271,2025-06-05,Rajma Chawal,135
1272,2025-06-05,Aloo Paratha,160
1273,2025-06-29,Paneer Butter Masala,134
1274,2025-06-29,Rajma Chawal,101
1275,2025-06-29,Aloo Paratha,125
1276,2025-07-10,Boiled Veggies,154
1277,2025-07-10,Jeera Rice,166
1278,2025-07-10,Rajma Chawal,142
1279,2025-06-25,Jeera Rice,176
1280,2025-06-25,Rajma Chawal,156
1281,2025-06-25,Veg Biryani,191
1282,2025-07-11,Rajma Chawal,188
1283,2025-07-11,Boiled Veggies,125
1284,2025-07-11,Sambhar,185
1285,2025-07-13,Rajma Chawal,151
1286,2025-07-13,Sambhar,166
1287,2025-07-13,Veg Biryani,121
1288,2025-06-20,Veg Biryani,155
1289,2025-06-20,Rajma Chawal,164
1290,2025-06-20,Chole Bhature,129
1291,2025-06-01,Paneer Butter Masala,147
1292,2025-06-01,Boiled Veggies,134
1293,2025-06-01,Chole Bhature,187
1294,2025-06-05,Rajma Chawal,141
1295,2025-06-05,Sambhar,166
1296,2025-06-05,Paneer Butter Masala,159
1297,2025-07-03,Sambhar,149
1298,2025-07-03,Jeera Rice,139
1299,2025-07-03,Paneer Butter Masala,193
1300,2025-06-30,Boiled Veggies,151
1301,2025-06-30,Aloo Paratha,170
1302,2025-06-30,Rajma Chawal,109
1303,2025-07-04,Rajma Chawal,157
1304,2025-07-04,Sambhar,171
1305,2025-07-04,Aloo Paratha,146
1306,2025-07-02,Aloo Paratha,193
1307,2025-07-02,Jeera Rice,152
1308,2025-07-02,Boiled Veggies,200
1309,2025-06-18,Paneer Butter Masala,180
1310,2025-06-18,Sambhar,121
1311,2025-06-18,Rajma Chawal,124
1312,2025-07-08,Veg Biryani,175
1313,2025-07-08,Chole Bhature,199
1314,2025-07-08,Paneer Butter Masala,144
1315,2025-06-22,Veg Biryani,134
1316,2025-06-22,Paneer Butter Masala,155
1317,2025-06-22,Aloo Paratha,145
1318,2025-06-04,Veg Biryani,194
1319,2025-06-04,Paneer Butter Masala,101
1320,2025-06-04,Aloo Paratha,159
1321,2025-07-03,Aloo Paratha,113
1322,2025-07-03,Rajma Chawal,193
1323,2025-07-03,Veg Biryani,120
1324,2025-06-15,Paneer Butter Masala,129
1325,2025-06-15,Jeera Rice,190
1326,2025-06-15,Boiled Veggies,102
1327,2025-06-10,Jeera Rice,114
1328,2025-06-10,Chole Bhature,186
1329,2025-06-10,Sambhar,190
1330,2025-06-29,Paneer Butter Masala,105
1331,2025-06-29,Veg Biryani,150
1332,2025-06-29,Chole Bhature,160
1333,2025-07-11,Veg Biryani,187
1334,2025-07-11,Rajma Chawal,140
1335,2025-07-11,Paneer Butter Masala,146
1336,2025-06-28,Boiled Veggies,197
1337,2025-06-28,Aloo Paratha,179
1338,2025-06-28,Chole Bhature,112
1339,2025-06-12,Sambhar,158
1340,2025-06-12,Jeera Rice,132
1341,2025-06-12,Boiled Veggies,156
1342,2025-06-01,Sambhar,194
1343,2025-06-01,Chole Bhature,140
1344,2025-06-01,Veg Biryani,192
1345,2025-06-16,Paneer Butter Masala,112
1346,2025-06-16,Rajma Chawal,150
1347,2025-06-16,Boiled Veggies,139
1348,2025-06-05,Chole Bhature,110
1349,2025-06-05,Boiled Veggies,190
1350,2025-06-05,Veg Biryani,193
1351,2025-06-02,Sambhar,179
1352,2025-06-02,Boiled Veggies,190
1353,2025-06-02,Paneer Butter Masala,144
1354,2025-07-09,Rajma Chawal,105
1355,2025-07-09,Jeera Rice,133
1356,2025-07-09,Sambhar,147
1357,2025-07-12,Boiled Veggies,124
1358,2025-07-12,Aloo Paratha,104
1359,2025-07-12,Sambhar,162
1360,2025-06-06,Sambhar,191
1361,2025-06-06,Paneer Butter Masala,194
1362,2025-06-06,Boiled Veggies,115
1363,2025-07-06,Paneer Butter Masala,106
1364,2025-07-06,Aloo Paratha,156
1365,2025-07-06,Veg Biryani,110
1366,2025-06-18,Boiled Veggies,157
1367,2025-06-18,Aloo Paratha,129
1368,2025-06-18,Sambhar,102
1369,2025-06-20,Chole Bhature,181
1370,2025-06-20,Aloo Paratha,192
1371,2025-06-20,Sambhar,147
1372,2025-06-11,Sambhar,144
1373,2025-06-11,Boiled Veggies,174
1374,2025-06-11,Veg Biryani,166
1375,2025-06-07,Aloo Paratha,181
1376,2025-06-07,Jeera Rice,127
1377,2025-06-07,Chole Bhature,155
1378,2025-06-18,Sambhar,176
1379,2025-06-18,Paneer Butter Masala,157
1380,2025-06-18,Boiled Veggies,163
1381,2025-06-23,Veg Biryani,119
1382,2025-06-23,Boiled Veggies,168
1383,2025-06-23,Chole Bhature,199
1384,2025-07-06,Jeera Rice,184
1385,2025-07-06,Paneer Butter Masala,134
1386,2025-07-06,Veg Biryani,104
1387,2025-06-05,Veg Biryani,113
1388,2025-06-05,Paneer Butter Masala,140
1389,2025-06-05,Sambhar,194
1390,2025-06-05,Jeera Rice,109
1391,2025-06-05,Veg Biryani,199
1392,2025-06-05,Sambhar,127
1393,2025-06-29,Jeera Rice,172
1394,2025-06-29,Rajma Chawal,140
1395,2025-06-29,Aloo Paratha,187
1396,2025-06-18,Sambhar,132
1397,2025-06-18,Aloo Paratha,183
1398,2025-06-18,Jeera Rice,188
1399,2025-06-28,Paneer Butter Masala,187
1400,2025-06-28,Rajma Chawal,148
1401,2025-06-28,Chole Bhature,127
1402,2025-06-24,Jeera Rice,178
1403,2025-06-24,Sambhar,199
1404,2025-06-24,Boiled Veggies,131
1405,2025-06-12,Chole Bhature,184
1406,2025-06-12,Jeera Rice,184
1407,2025-06-12,Paneer Butter Masala,160
1408,2025-07-10,Paneer Butter Masala,184
1409,2025-07-10,Aloo Paratha,103
1410,2025-07-10,Chole Bhature,174
1411,2025-07-09,Jeera Rice,145
1412,2025-07-09,Chole Bhature,167
1413,2025-07-09,Sambhar,128
1414,2025-06-04,Sambhar,150
1415,2025-06-04,Paneer Butter Masala,177
1416,2025-06-04,Aloo Paratha,143
1417,2025-07-01,Boiled Veggies,158
1418,2025-07-01,Paneer Butter Masala,118
1419,2025-07-01,Sambhar,171
1420,2025-06-14,Sambhar,113
1421,2025-06-14,Aloo Paratha,109
1422,2025-06-14,Chole Bhature,194
1423,2025-06-27,Rajma Chawal,158
1424,2025-06-27,Veg Biryani,156
1425,2025-06-27,Chole Bhature,193
1426,2025-06-23,Veg Biryani,168
1427,2025-06-23,Jeera Rice,191
1428,2025-06-23,Boiled Veggies,112
1429,2025-06-19,Sambhar,101
1430,2025-06-19,Paneer Butter Masala,185
1431,2025-06-19,Jeera Rice,197
1432,2025-06-21,Jeera Rice,105
1433,2025-06-21,Sambhar,149
1434,2025-06-21,Rajma Chawal,123
1435,2025-06-15,Jeera Rice,197
1436,2025-06-15,Rajma Chawal,134
1437,2025-06-15,Boiled Veggies,111
1438,2025-07-07,Boiled Veggies,190
1439,2025-07-07,Chole Bhature,156
1440,2025-07-07,Rajma Chawal,196
1441,2025-07-04,Chole Bhature,200
1442,2025-07-04,Boiled Veggies,105
1443,2025-07-04,Sambhar,153
1444,2025-07-06,Boiled Veggies,166
1445,2025-07-06,Chole Bhature,172
1446,2025-07-06,Aloo Paratha,128
1447,2025-06-27,Aloo Paratha,184
1448,2025-06-27,Veg Biryani,136
1449,2025-06-27,Sambhar,106
1450,2025-06-27,Chole Bhature,195
1451,2025-06-27,Aloo Paratha,186
1452,2025-06-27,Rajma Chawal,117
1453,2025-06-29,Aloo Paratha,154
1454,2025-06-29,Chole Bhature,141
1455,2025-06-29,Paneer Butter Masala,139
1456,2025-07-02,Aloo Paratha,188
1457,2025-07-02,Rajma Chawal,180
1458,2025-07-02,Boiled Veggies,151
1459,2025-06-29,Jeera Rice,163
1460,2025-06-29,Chole Bhature,124
1461,2025-06-29,Veg Biryani,171
1462,2025-06-08,Aloo Paratha,163
1463,2025-06-08,Jeera Rice,120
1464,2025-06-08,Sambhar,110
1465,2025-06-19,Paneer Butter Masala,182
1466,2025-06-19,Sambhar,108
1467,2025-06-19,Boiled Veggies,144
1468,2025-06-13,Chole Bhature,190
1469,2025-06-13,Veg Biryani,148
1470,2025-06-13,Rajma Chawal,153
1471,2025-06-06,Boiled Veggies,113
1472,2025-06-06,Chole Bhature,179
1473,2025-06-06,Sambhar,193
1474,2025-06-20,Veg Biryani,156
1475,2025-06-20,Aloo Paratha,150
1476,2025-06-20,Sambhar,156
1477,2025-07-06,Rajma Chawal,149
1478,2025-07-06,Veg Biryani,115
1479,2025-07-06,Jeera Rice,198
1480,2025-06-25,Paneer Butter Masala,101
1481,2025-06-25,Chole Bhature,153
1482,2025-06-25,Veg Biryani,128
1483,2025-06-14,Chole Bhature,183
1484,2025-06-14,Paneer Butter Masala,161
1485,2025-06-14,Veg Biryani,192
1486,2025-06-11,Jeera Rice,180
1487,2025-06-11,Aloo Paratha,159
1488,2025-06-11,Veg Biryani,198
1489,2025-06-14,Paneer Butter Masala,124
1490,2025-06-14,Rajma Chawal,144
1491,2025-06-14,Chole Bhature,115
1492,2025-06-20,Rajma Chawal,114
1493,2025-06-20,Paneer Butter Masala,171
1494,2025-06-20,Aloo Paratha,188
1495,2025-06-16,Jeera Rice,173
1496,2025-06-16,Chole Bhature,190
1497,2025-06-16,Veg Biryani,155
1498,2025-06-04,Veg Biryani,121
1499,2025-06-04,Chole Bhature,161
1500,2025-06-04,Rajma Chawal,182
1501,2025-06-11,Paneer Butter Masala,182
1502,2025-06-11,Chole Bhature,142
1503,2025-06-11,Boiled Veggies,190
1504,2025-07-08,Jeera Rice,119
1505,2025-07-08,Boiled Veggies,119
1506,2025-07-08,Veg Biryani,150
1507,2025-07-02,Veg Biryani,105
1508,2025-07-02,Aloo Paratha,156
1509,2025-07-02,Boiled Veggies,126
1510,2025-06-20,Aloo Paratha,153
1511,2025-06-20,Rajma Chawal,142
1512,2025-06-20,Veg Biryani,185
1513,2025-07-09,Boiled Veggies,191
1514,2025-07-09,Veg Biryani,121
1515,2025-07-09,Chole Bhature,175
1516,2025-07-13,Aloo Paratha,166
1517,2025-07-13,Jeera Rice,178
1518,2025-07-13,Chole Bhature,183
1519,2025-06-20,Veg Biryani,109
1520,2025-06-20,Rajma Chawal,186
1521,2025-06-20,Aloo Paratha,178
1522,2025-06-23,Jeera Rice,170
1523,2025-06-23,Aloo Paratha,183
1524,2025-06-23,Sambhar,106
1525,2025-07-03,Rajma Chawal,172
1526,2025-07-03,Chole Bhature,187
1527,2025-07-03,Veg Biryani,166
1528,2025-06-17,Boiled Veggies,143
1529,2025-06-17,Sambhar,138
1530,2025-06-17,Paneer Butter Masala,174
1531,2025-06-07,Jeera Rice,104
1532,2025-06-07,Aloo Paratha,189
1533,2025-06-07,Sambhar,124
1534,2025-06-08,Paneer Butter Masala,126
1535,2025-06-08,Chole Bhature,193
1536,2025-06-08,Veg Biryani,124
1537,2025-06-15,Veg Biryani,185
1538,2025-06-15,Boiled Veggies,162
1539,2025-06-15,Chole Bhature,158
1540,2025-06-19,Boiled Veggies,176
1541,2025-06-19,Sambhar,165
1542,2025-06-19,Jeera Rice,101
1543,2025-06-11,Rajma Chawal,136
1544,2025-06-11,Boiled Veggies,110
1545,2025-06-11,Chole Bhature,191
1546,2025-06-06,Rajma Chawal,164
1547,2025-06-06,Jeera Rice,151
1548,2025-06-06,Veg Biryani,162
1549,2025-07-09,Sambhar,165
1550,2025-07-09,Chole Bhature,103
1551,2025-07-09,Veg Biryani,194
1552,2025-06-12,Aloo Paratha,118
1553,2025-06-12,Boiled Veggies,102
1554,2025-06-12,Rajma Chawal,165
1555,2025-06-13,Paneer Butter Masala,167
1556,2025-06-13,Aloo Paratha,175
1557,2025-06-13,Sambhar,157
1558,2025-06-13,Rajma Chawal,169
1559,2025-06-13,Paneer Butter Masala,182
1560,2025-06-13,Sambhar,152
1561,2025-06-11,Boiled Veggies,157
1562,2025-06-11,Sambhar,174
1563,2025-06-11,Jeera Rice,182
1564,2025-06-29,Paneer Butter Masala,121
1565,2025-06-29,Jeera Rice,125
1566,2025-06-29,Aloo Paratha,197
1567,2025-06-27,Boiled Veggies,193
1568,2025-06-27,Aloo Paratha,131
1569,2025-06-27,Sambhar,101
1570,2025-06-13,Jeera Rice,180
1571,2025-06-13,Paneer Butter Masala,194
1572,2025-06-13,Veg Biryani,190
1573,2025-06-09,Chole Bhature,176
1574,2025-06-09,Veg Biryani,123
1575,2025-06-09,Jeera Rice,189
1576,2025-06-18,Rajma Chawal,182
1577,2025-06-18,Chole Bhature,104
1578,2025-06-18,Sambhar,179
1579,2025-06-19,Chole Bhature,164
1580,2025-06-19,Sambhar,101
1581,2025-06-19,Boiled Veggies,188
1582,2025-06-01,Veg Biryani,174
1583,2025-06-01,Paneer Butter Masala,178
1584,2025-06-01,Sambhar,136
1585,2025-06-02,Paneer Butter Masala,109
1586,2025-06-02,Boiled Veggies,144
1587,2025-06-02,Rajma Chawal,179
1588,2025-06-18,Sambhar,118
1589,2025-06-18,Chole Bhature,106
1590,2025-06-18,Paneer Butter Masala,121
1591,2025-06-16,Jeera Rice,180
1592,2025-06-16,Veg Biryani,155
1593,2025-06-16,Aloo Paratha,119
1594,2025-07-09,Aloo Paratha,140
1595,2025-07-09,Sambhar,156
1596,2025-07-09,Paneer Butter Masala,149
1597,2025-06-13,Sambhar,131
1598,2025-06-13,Rajma Chawal,190
1599,2025-06-13,Veg Biryani,162
1600,2025-06-27,Chole Bhature,111
1601,2025-06-27,Sambhar,124
1602,2025-06-27,Rajma Chawal,175
1603,2025-07-12,Boiled Veggies,133
1604,2025-07-12,Aloo Paratha,171
1605,2025-07-12,Sambhar,149
1606,2025-07-07,Sambhar,176
1607,2025-07-07,Boiled Veggies,186
1608,2025-07-07,Veg Biryani,133
1609,2025-06-08,Aloo Paratha,196
1610,2025-06-08,Boiled Veggies,164
1611,2025-06-08,Jeera Rice,122
1612,2025-06-18,Jeera Rice,118
1613,2025-06-18,Rajma Chawal,102
1614,2025-06-18,Chole Bhature,175
1615,2025-06-27,Rajma Chawal,155
1616,2025-06-27,Veg Biryani,107
1617,2025-06-27,Paneer Butter Masala,108
1618,2025-06-28,Sambhar,180
1619,2025-06-28,Chole Bhature,137
1620,2025-06-28,Jeera Rice,129
1621,2025-07-01,Sambhar,191
1622,2025-07-01,Paneer Butter Masala,132
1623,2025-07-01,Rajma Chawal,127
1624,2025-07-09,Paneer Butter Masala,149
1625,2025-07-09,Rajma Chawal,164
1626,2025-07-09,Sambhar,197
1627,2025-06-01,Veg Biryani,167
1628,2025-06-01,Sambhar,128
1629,2025-06-01,Chole Bhature,130
1630,2025-06-17,Paneer Butter Masala,164
1631,2025-06-17,Jeera Rice,191
1632,2025-06-17,Sambhar,107
1633,2025-06-14,Jeera Rice,113
1634,2025-06-14,Rajma Chawal,132
1635,2025-06-14,Paneer Butter Masala,179
1636,2025-06-08,Rajma Chawal,189
1637,2025-06-08,Aloo Paratha,113
1638,2025-06-08,Veg Biryani,169
1639,2025-06-29,Rajma Chawal,102
1640,2025-06-29,Paneer Butter Masala,183
1641,2025-06-29,Jeera Rice,169
1642,2025-06-28,Paneer Butter Masala,105
1643,2025-06-28,Aloo Paratha,114
1644,2025-06-28,Chole Bhature,121
1645,2025-06-05,Boiled Veggies,125
1646,2025-06-05,Veg Biryani,189
1647,2025-06-05,Chole Bhature,144
1648,2025-06-15,Rajma Chawal,198
1649,2025-06-15,Aloo Paratha,115
1650,2025-06-15,Jeera Rice,104
1651,2025-06-10,Rajma Chawal,146
1652,2025-06-10,Veg Biryani,198
1653,2025-06-10,Sambhar,198
1654,2025-06-22,Jeera Rice,103
1655,2025-06-22,Sambhar,193
1656,2025-06-22,Paneer Butter Masala,134
1657,2025-07-09,Sambhar,111
1658,2025-07-09,Jeera Rice,163
1659,2025-07-09,Boiled Veggies,188
1660,2025-06-07,Rajma Chawal,120
1661,2025-06-07,Chole Bhature,101
1662,2025-06-07,Sambhar,164
1663,2025-06-09,Chole Bhature,134
1664,2025-06-09,Boiled Veggies,157
1665,2025-06-09,Aloo Paratha,174
1666,2025-06-09,Rajma Chawal,116
1667,2025-06-09,Chole Bhature,107
1668,2025-06-09,Boiled Veggies,111
1669,2025-07-12,Paneer Butter Masala,197
1670,2025-07-12,Veg Biryani,124
1671,2025-07-12,Chole Bhature,156
1672,2025-06-15,Boiled Veggies,168
1673,2025-06-15,Sambhar,166
1674,2025-06-15,Paneer Butter Masala,124
1675,2025-06-10,Aloo Paratha,138
1676,2025-06-10,Boiled Veggies,101
1677,2025-06-10,Jeera Rice,180
1678,2025-07-08,Sambhar,133
1679,2025-07-08,Aloo Paratha,166
1680,2025-07-08,Rajma Chawal,140
1681,2025-07-10,Veg Biryani,147
1682,2025-07-10,Chole Bhature,123
1683,2025-07-10,Jeera Rice,155
1684,2025-06-02,Boiled Veggies,118
1685,2025-06-02,Jeera Rice,183
1686,2025-06-02,Veg Biryani,183
1687,2025-06-05,Aloo Paratha,145
1688,2025-06-05,Sambhar,141
1689,2025-06-05,Chole Bhature,144
1690,2025-06-27,Sambhar,196
1691,2025-06-27,Chole Bhature,180
1692,2025-06-27,Veg Biryani,131
1693,2025-06-02,Sambhar,181
1694,2025-06-02,Rajma Chawal,178
1695,2025-06-02,Veg Biryani,175
1696,2025-07-09,Jeera Rice,131
1697,2025-07-09,Boiled Veggies,175
1698,2025-07-09,Veg Biryani,158
1699,2025-06-10,Paneer Butter Masala,156
1700,2025-06-10,Boiled Veggies,153
1701,2025-06-10,Rajma Chawal,153
1702,2025-07-12,Paneer Butter Masala,123
1703,2025-07-12,Rajma Chawal,174
1704,2025-07-12,Chole Bhature,137
1705,2025-07-03,Sambhar,164
1706,2025-07-03,Chole Bhature,150
1707,2025-07-03,Rajma Chawal,183
1708,2025-07-02,Paneer Butter Masala,105
1709,2025-07-02,Jeera Rice,148
1710,2025-07-02,Rajma Chawal,149
1711,2025-07-14,Jeera Rice,128
1712,2025-07-14,Boiled Veggies,139
1713,2025-07-14,Sambhar,142
1714,2025-06-22,Jeera Rice,141
1715,2025-06-22,Sambhar,124
1716,2025-06-22,Aloo Paratha,114
1717,2025-06-04,Paneer Butter Masala,149
1718,2025-06-04,Aloo Paratha,131
1719,2025-06-04,Chole Bhature,193
1720,2025-07-09,Veg Biryani,181
1721,2025-07-09,Boiled Veggies,160
1722,2025-07-09,Chole Bhature,108
1723,2025-07-14,Veg Biryani,127
1724,2025-07-14,Chole Bhature,146
1725,2025-07-14,Aloo Paratha,154
1726,2025-07-14,Jeera Rice,162
1727,2025-07-14,Paneer Butter Masala,143
1728,2025-07-14,Aloo Paratha,101
1729,2025-06-04,Sambhar,182
1730,2025-06-04,Chole Bhature,111
1731,2025-06-04,Rajma Chawal,184
1732,2025-06-18,Boiled Veggies,101
1733,2025-06-18,Jeera Rice,176
1734,2025-06-18,Veg Biryani,194
1735,2025-06-16,Rajma Chawal,123
1736,2025-06-16,Veg Biryani,172
1737,2025-06-16,Jeera Rice,120
1738,2025-06-11,Paneer Butter Masala,198
1739,2025-06-11,Sambhar,125
1740,2025-06-11,Rajma Chawal,165
1741,2025-06-09,Sambhar,108
1742,2025-06-09,Boiled Veggies,168
1743,2025-06-09,Aloo Paratha,125
1744,2025-06-12,Boiled Veggies,183
1745,2025-06-12,Rajma Chawal,159
1746,2025-06-12,Jeera Rice,166
1747,2025-06-07,Boiled Veggies,171
1748,2025-06-07,Jeera Rice,154
1749,2025-06-07,Chole Bhature,105
1750,2025-06-28,Chole Bhature,155
1751,2025-06-28,Boiled Veggies,132
1752,2025-06-28,Jeera Rice,111
1753,2025-06-27,Boiled Veggies,151
1754,2025-06-27,Rajma Chawal,176
1755,2025-06-27,Jeera Rice,191
1756,2025-06-08,Sambhar,182
1757,2025-06-08,Paneer Butter Masala,189
1758,2025-06-08,Boiled Veggies,137
1759,2025-06-20,Jeera Rice,195
1760,2025-06-20,Veg Biryani,163
1761,2025-06-20,Paneer Butter Masala,129
1762,2025-06-30,Chole Bhature,151
1763,2025-06-30,Rajma Chawal,113
1764,2025-06-30,Boiled Veggies,128
1765,2025-06-16,Veg Biryani,174
1766,2025-06-16,Jeera Rice,105
1767,2025-06-16,Boiled Veggies,198
1768,2025-07-11,Boiled Veggies,152
1769,2025-07-11,Veg Biryani,154
1770,2025-07-11,Chole Bhature,102
1771,2025-06-28,Rajma Chawal,181
1772,2025-06-28,Aloo Paratha,193
1773,2025-06-28,Boiled Veggies,138
1774,2025-06-16,Rajma Chawal,165
1775,2025-06-16,Chole Bhature,148
1776,2025-06-16,Paneer Butter Masala,148
1777,2025-06-19,Boiled Veggies,132
1778,2025-06-19,Paneer Butter Masala,166
1779,2025-06-19,Sambhar,172
1780,2025-06-28,Paneer Butter Masala,147
1781,2025-06-28,Jeera Rice,172
1782,2025-06-28,Veg Biryani,134
1783,2025-06-24,Chole Bhature,152
1784,2025-06-24,Jeera Rice,151
1785,2025-06-24,Aloo Paratha,180
1786,2025-06-30,Rajma Chawal,181
1787,2025-06-30,Veg Biryani,179
1788,2025-06-30,Paneer Butter Masala,103
1789,2025-06-18,Paneer Butter Masala,194
1790,2025-06-18,Sambhar,146
1791,2025-06-18,Boiled Veggies,200
1792,2025-06-09,Aloo Paratha,102
1793,2025-06-09,Veg Biryani,157
1794,2025-06-09,Boiled Veggies,118
1795,2025-06-15,Sambhar,173
1796,2025-06-15,Paneer Butter Masala,119
1797,2025-06-15,Boiled Veggies,188
1798,2025-06-06,Veg Biryani,176
1799,2025-06-06,Boiled Veggies,163
1800,2025-06-06,Jeera Rice,178
1801,2025-06-04,Aloo Paratha,172
1802,2025-06-04,Paneer Butter Masala,164
1803,2025-06-04,Veg Biryani,161
1804,2025-06-29,Aloo Paratha,117
1805,2025-06-29,Rajma Chawal,165
1806,2025-06-29,Jeera Rice,161
1807,2025-06-21,Aloo Paratha,123
1808,2025-06-21,Boiled Veggies,143
1809,2025-06-21,Jeera Rice,186
1810,2025-06-13,Rajma Chawal,177
1811,2025-06-13,Paneer Butter Masala,191
1812,2025-06-13,Aloo Paratha,182
1813,2025-06-12,Rajma Chawal,173
1814,2025-06-12,Boiled Veggies,104
1815,2025-06-12,Jeera Rice,185
1816,2025-06-15,Aloo Paratha,119
1817,2025-06-15,Jeera Rice,171
1818,2025-06-15,Chole Bhature,135
1819,2025-06-20,Boiled Veggies,164
1820,2025-06-20,Sambhar,145
1821,2025-06-20,Jeera Rice,130
1822,2025-06-03,Boiled Veggies,140
1823,2025-06-03,Aloo Paratha,101
1824,2025-06-03,Chole Bhature,157
1825,2025-06-06,Veg Biryani,116
1826,2025-06-06,Aloo Paratha,125
1827,2025-06-06,Chole Bhature,135
1828,2025-07-09,Veg Biryani,143
1829,2025-07-09,Boiled Veggies,132
1830,2025-07-09,Paneer Butter Masala,174
1831,2025-07-10,Chole Bhature,100
1832,2025-07-10,Jeera Rice,195
1833,2025-07-10,Aloo Paratha,165
1834,2025-07-13,Paneer Butter Masala,104
1835,2025-07-13,Rajma Chawal,165
1836,2025-07-13,Veg Biryani,179
1837,2025-07-03,Sambhar,189
1838,2025-07-03,Chole Bhature,116
1839,2025-07-03,Boiled Veggies,142
1840,2025-06-13,Chole Bhature,164
1841,2025-06-13,Jeera Rice,116
1842,2025-06-13,Veg Biryani,118
1843,2025-06-01,Aloo Paratha,111
1844,2025-06-01,Rajma Chawal,149
1845,2025-06-01,Boiled Veggies,164
1846,2025-06-23,Rajma Chawal,137
1847,2025-06-23,Sambhar,177
1848,2025-06-23,Jeera Rice,125
1849,2025-06-19,Veg Biryani,192
1850,2025-06-19,Paneer Butter Masala,169
1851,2025-06-19,Boiled Veggies,160
1852,2025-06-08,Rajma Chawal,104
1853,2025-06-08,Boiled Veggies,121
1854,2025-06-08,Sambhar,108
1855,2025-06-24,Paneer Butter Masala,192
1856,2025-06-24,Jeera Rice,136
1857,2025-06-24,Veg Biryani,113
1858,2025-07-04,Paneer Butter Masala,135
1859,2025-07-04,Chole Bhature,138
1860,2025-07-04,Veg Biryani,100
1861,2025-06-04,Veg Biryani,121
1862,2025-06-04,Jeera Rice,173
1863,2025-06-04,Boiled Veggies,172
1864,2025-07-09,Jeera Rice,147
1865,2025-07-09,Chole Bhature,152
1866,2025-07-09,Boiled Veggies,124
1867,2025-06-29,Aloo Paratha,153
1868,2025-06-29,Sambhar,141
1869,2025-06-29,Veg Biryani,122
1870,2025-07-03,Aloo Paratha,173
1871,2025-07-03,Paneer Butter Masala,141
1872,2025-07-03,Rajma Chawal,113
1873,2025-07-12,Jeera Rice,118
1874,2025-07-12,Boiled Veggies,161
1875,2025-07-12,Chole Bhature,134
1876,2025-06-02,Rajma Chawal,103
1877,2025-06-02,Jeera Rice,149
1878,2025-06-02,Chole Bhature,133
1879,2025-06-28,Sambhar,108
1880,2025-06-28,Chole Bhature,175
1881,2025-06-28,Paneer Butter Masala,177
1882,2025-07-12,Aloo Paratha,109
1883,2025-07-12,Veg Biryani,179
1884,2025-07-12,Rajma Chawal,137
1885,2025-06-08,Aloo Paratha,125
1886,2025-06-08,Jeera Rice,148
1887,2025-06-08,Veg Biryani,110
1888,2025-06-25,Boiled Veggies,200
1889,2025-06-25,Paneer Butter Masala,136
1890,2025-06-25,Veg Biryani,123
1891,2025-07-01,Boiled Veggies,139
1892,2025-07-01,Jeera Rice,167
1893,2025-07-01,Aloo Paratha,192
1894,2025-06-25,Chole Bhature,115
1895,2025-06-25,Rajma Chawal,176
1896,2025-06-25,Jeera Rice,108
1897,2025-06-22,Rajma Chawal,197
1898,2025-06-22,Jeera Rice,127
1899,2025-06-22,Boiled Veggies,158
1900,2025-06-04,Aloo Paratha,134
1901,2025-06-04,Veg Biryani,136
1902,2025-06-04,Rajma Chawal,172
1903,2025-06-08,Sambhar,179
1904,2025-06-08,Veg Biryani,100
1905,2025-06-08,Jeera Rice,154
1906,2025-07-07,Boiled Veggies,173
1907,2025-07-07,Aloo Paratha,199
1908,2025-07-07,Paneer Butter Masala,197
1909,2025-06-07,Rajma Chawal,188
1910,2025-06-07,Chole Bhature,191
1911,2025-06-07,Jeera Rice,122
1912,2025-07-08,Rajma Chawal,195
1913,2025-07-08,Aloo Paratha,182
1914,2025-07-08,Sambhar,193
1915,2025-06-10,Chole Bhature,152
1916,2025-06-10,Veg Biryani,156
1917,2025-06-10,Jeera Rice,197
1918,2025-07-03,Paneer Butter Masala,105
1919,2025-07-03,Aloo Paratha,113
1920,2025-07-03,Rajma Chawal,121
1921,2025-07-08,Jeera Rice,141
1922,2025-07-08,Veg Biryani,144
1923,2025-07-08,Paneer Butter Masala,140
1924,2025-06-24,Veg Biryani,125
1925,2025-06-24,Boiled Veggies,163
1926,2025-06-24,Jeera Rice,196
1927,2025-07-01,Aloo Paratha,130
1928,2025-07-01,Boiled Veggies,129
1929,2025-07-01,Rajma Chawal,199
1930,2025-06-20,Veg Biryani,192
1931,2025-06-20,Chole Bhature,167
1932,2025-06-20,Sambhar,136
1933,2025-06-15,Jeera Rice,181
1934,2025-06-15,Sambhar,191
1935,2025-06-15,Rajma Chawal,146
1936,2025-06-26,Rajma Chawal,110
1937,2025-06-26,Veg Biryani,138
1938,2025-06-26,Sambhar,187
1939,2025-06-13,Sambhar,140
1940,2025-06-13,Aloo Paratha,143
1941,2025-06-13,Paneer Butter Masala,137
1942,2025-07-07,Aloo Paratha,110
1943,2025-07-07,Sambhar,102
1944,2025-07-07,Chole Bhature,144
1945,2025-07-04,Chole Bhature,194
1946,2025-07-04,Paneer Butter Masala,170
1947,2025-07-04,Veg Biryani,137
1948,2025-06-21,Jeera Rice,180
1949,2025-06-21,Sambhar,118
1950,2025-06-21,Veg Biryani,170
1951,2025-06-26,Rajma Chawal,172
1952,2025-06-26,Veg Biryani,183
1953,2025-06-26,Chole Bhature,151
1954,2025-06-16,Rajma Chawal,112
1955,2025-06-16,Sambhar,184
1956,2025-06-16,Jeera Rice,199
1957,2025-07-06,Boiled Veggies,166
1958,2025-07-06,Jeera Rice,114
1959,2025-07-06,Sambhar,114
1960,2025-07-12,Paneer Butter Masala,154
1961,2025-07-12,Sambhar,108
1962,2025-07-12,Rajma Chawal,175
1963,2025-06-26,Jeera Rice,124
1964,2025-06-26,Paneer Butter Masala,165
1965,2025-06-26,Aloo Paratha,192
1966,2025-06-21,Boiled Veggies,191
1967,2025-06-21,Paneer Butter Masala,116
1968,2025-06-21,Sambhar,147
1969,2025-07-10,Jeera Rice,200
1970,2025-07-10,Paneer Butter Masala,200
1971,2025-07-10,Rajma Chawal,133
1972,2025-06-10,Chole Bhature,174
1973,2025-06-10,Aloo Paratha,127
1974,2025-06-10,Jeera Rice,167
1975,2025-06-03,Chole Bhature,181
1976,2025-06-03,Boiled Veggies,121
1977,2025-06-03,Jeera Rice,177
1978,2025-06-30,Chole Bhature,130
1979,2025-06-30,Rajma Chawal,118
1980,2025-06-30,Boiled Veggies,143
1981,2025-07-07,Boiled Veggies,157
1982,2025-07-07,Jeera Rice,174
1983,2025-07-07,Aloo Paratha,116
1984,2025-06-18,Jeera Rice,125
1985,2025-06-18,Paneer Butter Masala,107
1986,2025-06-18,Aloo Paratha,164
1987,2025-07-08,Sambhar,151
1988,2025-07-08,Paneer Butter Masala,132
1989,2025-07-08,Aloo Paratha,126
1990,2025-07-04,Rajma Chawal,161
1991,2025-07-04,Paneer Butter Masala,153
1992,2025-07-04,Boiled Veggies,197
1993,2025-06-25,Jeera Rice,181
1994,2025-06-25,Aloo Paratha,198
1995,2025-06-25,Boiled Veggies,165
1996,2025-06-16,Boiled Veggies,122
1997,2025-06-16,Aloo Paratha,137
1998,2025-06-16,Rajma Chawal,108
1999,2025-06-15,Jeera Rice,140
2000,2025-06-15,Veg Biryani,143
